#pragma once
#include <cstddef>
#include <cstdint>

alignas(16) const unsigned char g_audio_model_data_7s[] = {
    0x20, 0x00, 0x00, 0x00, 0x54, 0x46, 0x4c, 0x33, 0x00, 0x00, 0x00, 0x00,
    0x14, 0x00, 0x20, 0x00, 0x1c, 0x00, 0x18, 0x00, 0x14, 0x00, 0x10, 0x00,
    0x0c, 0x00, 0x00, 0x00, 0x08, 0x00, 0x04, 0x00, 0x14, 0x00, 0x00, 0x00,
    0x1c, 0x00, 0x00, 0x00, 0x98, 0x00, 0x00, 0x00, 0xf0, 0x00, 0x00, 0x00,
    0xe8, 0x26, 0x00, 0x00, 0xf8, 0x26, 0x00, 0x00, 0xd8, 0x59, 0x00, 0x00,
    0x03, 0x00, 0x00, 0x00, 0x01, 0x00, 0x00, 0x00, 0x10, 0x00, 0x00, 0x00,
    0x00, 0x00, 0x0a, 0x00, 0x10, 0x00, 0x0c, 0x00, 0x08, 0x00, 0x04, 0x00,
    0x0a, 0x00, 0x00, 0x00, 0x0c, 0x00, 0x00, 0x00, 0x1c, 0x00, 0x00, 0x00,
    0x3c, 0x00, 0x00, 0x00, 0x0f, 0x00, 0x00, 0x00, 0x73, 0x65, 0x72, 0x76,
    0x69, 0x6e, 0x67, 0x5f, 0x64, 0x65, 0x66, 0x61, 0x75, 0x6c, 0x74, 0x00,
    0x01, 0x00, 0x00, 0x00, 0x04, 0x00, 0x00, 0x00, 0x90, 0xff, 0xff, 0xff,
    0x22, 0x00, 0x00, 0x00, 0x04, 0x00, 0x00, 0x00, 0x08, 0x00, 0x00, 0x00,
    0x6f, 0x75, 0x74, 0x70, 0x75, 0x74, 0x5f, 0x30, 0x00, 0x00, 0x00, 0x00,
    0x01, 0x00, 0x00, 0x00, 0x04, 0x00, 0x00, 0x00, 0xe2, 0xd8, 0xff, 0xff,
    0x04, 0x00, 0x00, 0x00, 0x0d, 0x00, 0x00, 0x00, 0x6c, 0x6f, 0x67, 0x5f,
    0x6d, 0x65, 0x6c, 0x5f, 0x69, 0x6e, 0x70, 0x75, 0x74, 0x00, 0x00, 0x00,
    0x02, 0x00, 0x00, 0x00, 0x34, 0x00, 0x00, 0x00, 0x04, 0x00, 0x00, 0x00,
    0xdc, 0xff, 0xff, 0xff, 0x25, 0x00, 0x00, 0x00, 0x04, 0x00, 0x00, 0x00,
    0x13, 0x00, 0x00, 0x00, 0x43, 0x4f, 0x4e, 0x56, 0x45, 0x52, 0x53, 0x49,
    0x4f, 0x4e, 0x5f, 0x4d, 0x45, 0x54, 0x41, 0x44, 0x41, 0x54, 0x41, 0x00,
    0x08, 0x00, 0x0c, 0x00, 0x08, 0x00, 0x04, 0x00, 0x08, 0x00, 0x00, 0x00,
    0x24, 0x00, 0x00, 0x00, 0x04, 0x00, 0x00, 0x00, 0x13, 0x00, 0x00, 0x00,
    0x6d, 0x69, 0x6e, 0x5f, 0x72, 0x75, 0x6e, 0x74, 0x69, 0x6d, 0x65, 0x5f,
    0x76, 0x65, 0x72, 0x73, 0x69, 0x6f, 0x6e, 0x00, 0x26, 0x00, 0x00, 0x00,
    0xf4, 0x25, 0x00, 0x00, 0xec, 0x25, 0x00, 0x00, 0xd4, 0x25, 0x00, 0x00,
    0xb4, 0x25, 0x00, 0x00, 0xe4, 0x24, 0x00, 0x00, 0x14, 0x24, 0x00, 0x00,
    0x04, 0x18, 0x00, 0x00, 0xf4, 0x16, 0x00, 0x00, 0xe4, 0x0c, 0x00, 0x00,
    0x34, 0x0c, 0x00, 0x00, 0xbc, 0x0a, 0x00, 0x00, 0x0c, 0x0a, 0x00, 0x00,
    0x3c, 0x06, 0x00, 0x00, 0xcc, 0x05, 0x00, 0x00, 0xe4, 0x04, 0x00, 0x00,
    0x74, 0x04, 0x00, 0x00, 0x44, 0x03, 0x00, 0x00, 0x04, 0x03, 0x00, 0x00,
    0x88, 0x02, 0x00, 0x00, 0x48, 0x02, 0x00, 0x00, 0x0c, 0x01, 0x00, 0x00,
    0x04, 0x01, 0x00, 0x00, 0xfc, 0x00, 0x00, 0x00, 0xf4, 0x00, 0x00, 0x00,
    0xec, 0x00, 0x00, 0x00, 0xe4, 0x00, 0x00, 0x00, 0xdc, 0x00, 0x00, 0x00,
    0xd4, 0x00, 0x00, 0x00, 0xcc, 0x00, 0x00, 0x00, 0xc4, 0x00, 0x00, 0x00,
    0xbc, 0x00, 0x00, 0x00, 0xb4, 0x00, 0x00, 0x00, 0xac, 0x00, 0x00, 0x00,
    0xa4, 0x00, 0x00, 0x00, 0x9c, 0x00, 0x00, 0x00, 0x94, 0x00, 0x00, 0x00,
    0x74, 0x00, 0x00, 0x00, 0x04, 0x00, 0x00, 0x00, 0xf6, 0xd9, 0xff, 0xff,
    0x04, 0x00, 0x00, 0x00, 0x60, 0x00, 0x00, 0x00, 0x0c, 0x00, 0x00, 0x00,
    0x08, 0x00, 0x0e, 0x00, 0x08, 0x00, 0x04, 0x00, 0x08, 0x00, 0x00, 0x00,
    0x10, 0x00, 0x00, 0x00, 0x28, 0x00, 0x00, 0x00, 0x00, 0x00, 0x06, 0x00,
    0x08, 0x00, 0x04, 0x00, 0x06, 0x00, 0x00, 0x00, 0x04, 0x00, 0x00, 0x00,
    0x01, 0x00, 0x00, 0x00, 0xeb, 0x03, 0x00, 0x00, 0x0c, 0x00, 0x18, 0x00,
    0x14, 0x00, 0x10, 0x00, 0x0c, 0x00, 0x04, 0x00, 0x0c, 0x00, 0x00, 0x00,
    0x6d, 0xe4, 0x40, 0x5e, 0xc0, 0x7f, 0xe4, 0x1d, 0x02, 0x00, 0x00, 0x00,
    0x02, 0x00, 0x00, 0x00, 0x04, 0x00, 0x00, 0x00, 0x06, 0x00, 0x00, 0x00,
    0x32, 0x2e, 0x32, 0x30, 0x2e, 0x30, 0x00, 0x00, 0x62, 0xda, 0xff, 0xff,
    0x04, 0x00, 0x00, 0x00, 0x10, 0x00, 0x00, 0x00, 0x31, 0x2e, 0x31, 0x34,
    0x2e, 0x30, 0x00, 0x00, 0x00, 0x00, 0x00, 0x00, 0x00, 0x00, 0x00, 0x00,
    0x04, 0xa9, 0xff, 0xff, 0x08, 0xa9, 0xff, 0xff, 0x0c, 0xa9, 0xff, 0xff,
    0x10, 0xa9, 0xff, 0xff, 0x14, 0xa9, 0xff, 0xff, 0x18, 0xa9, 0xff, 0xff,
    0x1c, 0xa9, 0xff, 0xff, 0x20, 0xa9, 0xff, 0xff, 0x24, 0xa9, 0xff, 0xff,
    0x28, 0xa9, 0xff, 0xff, 0x2c, 0xa9, 0xff, 0xff, 0x30, 0xa9, 0xff, 0xff,
    0x34, 0xa9, 0xff, 0xff, 0x38, 0xa9, 0xff, 0xff, 0x3c, 0xa9, 0xff, 0xff,
    0xba, 0xda, 0xff, 0xff, 0x04, 0x00, 0x00, 0x00, 0x2c, 0x01, 0x00, 0x00,
    0xf7, 0xe5, 0xcd, 0xd6, 0x21, 0x56, 0x14, 0xe8, 0x51, 0x7f, 0xf4, 0x15,
    0xfd, 0x68, 0xf3, 0x26, 0x12, 0x4f, 0xa9, 0xaf, 0xa7, 0x16, 0xc7, 0xf6,
    0x97, 0x25, 0x11, 0x16, 0xd9, 0xac, 0x7f, 0x14, 0xdc, 0x1a, 0xe4, 0x2c,
    0x37, 0x0b, 0xe5, 0x02, 0x69, 0x6f, 0x5c, 0x0f, 0xdc, 0xdb, 0xe9, 0x1f,
    0x36, 0x11, 0x81, 0x00, 0x26, 0x9e, 0xf8, 0xba, 0x8b, 0xb6, 0xe8, 0xa4,
    0x2c, 0xc3, 0x18, 0x43, 0xb9, 0xe3, 0x10, 0xb8, 0x0e, 0x3a, 0x04, 0xe1,
    0xe2, 0xc9, 0x19, 0xf9, 0x20, 0xd1, 0x92, 0x1c, 0x36, 0xe1, 0x6a, 0x64,
    0xa1, 0xd6, 0xed, 0x81, 0x8a, 0x82, 0x1f, 0x42, 0xc6, 0xac, 0x94, 0xd4,
    0x77, 0x7a, 0xee, 0xf6, 0x0d, 0xad, 0x91, 0x52, 0xb9, 0xf8, 0x07, 0x06,
    0xe5, 0x5c, 0x26, 0xd3, 0xd0, 0x9e, 0x36, 0x60, 0x89, 0x9c, 0x48, 0x23,
    0x5f, 0xa5, 0xbe, 0x4c, 0x7f, 0x6b, 0x48, 0x37, 0x7f, 0x6a, 0xd1, 0x96,
    0xdf, 0xf5, 0xbb, 0x10, 0x53, 0xe3, 0xf6, 0x65, 0x26, 0xf2, 0xe6, 0xf8,
    0xc6, 0xd7, 0x1d, 0xbb, 0x1a, 0x1c, 0xc2, 0xe2, 0xd7, 0x14, 0x81, 0x57,
    0x11, 0xc4, 0x8a, 0xe7, 0xee, 0x4e, 0x15, 0xe9, 0xe2, 0xad, 0x9a, 0xba,
    0x9a, 0x20, 0xb9, 0xaa, 0x2f, 0xfc, 0x0f, 0x8e, 0xcc, 0x7c, 0x08, 0xbf,
    0xa5, 0x15, 0x5a, 0x5b, 0x81, 0x1f, 0x1b, 0xf8, 0x11, 0xc0, 0xda, 0x35,
    0x76, 0x3f, 0xfc, 0x0f, 0x1d, 0xc4, 0xd5, 0xf7, 0x2e, 0x1e, 0x4c, 0xf5,
    0x9b, 0x99, 0xbe, 0x81, 0xbc, 0xef, 0x9d, 0x45, 0x05, 0xee, 0xea, 0x3d,
    0xe5, 0x3c, 0x0e, 0x30, 0x5f, 0x0c, 0x13, 0x61, 0xfb, 0x0c, 0x6a, 0x72,
    0xda, 0xc6, 0xe0, 0x74, 0xe3, 0xde, 0x88, 0x7f, 0x49, 0xb2, 0x1d, 0xaf,
    0x0c, 0x24, 0xd3, 0xaf, 0xbf, 0x13, 0x4a, 0xf1, 0xe5, 0xf3, 0x62, 0x2b,
    0x7f, 0x00, 0x32, 0xd9, 0x07, 0x5d, 0xef, 0x1c, 0x15, 0xd6, 0xe6, 0x43,
    0xcb, 0x41, 0xe1, 0xb7, 0xe2, 0xf9, 0x15, 0xa3, 0xfe, 0xd4, 0xff, 0xc7,
    0xcb, 0xca, 0x29, 0xd1, 0x13, 0xde, 0xe9, 0xba, 0x21, 0x01, 0xca, 0x6c,
    0xef, 0x5f, 0x70, 0xfe, 0x5a, 0xf6, 0x48, 0x44, 0x7f, 0x60, 0xf2, 0x49,
    0xf2, 0xdb, 0xff, 0xff, 0x04, 0x00, 0x00, 0x00, 0x30, 0x00, 0x00, 0x00,
    0x02, 0xf8, 0xff, 0xff, 0x5e, 0x6c, 0xff, 0xff, 0x86, 0x87, 0x00, 0x00,
    0x91, 0x79, 0x00, 0x00, 0x8c, 0x15, 0x00, 0x00, 0x67, 0xab, 0xff, 0xff,
    0xe1, 0xc6, 0x00, 0x00, 0x92, 0xfa, 0xff, 0xff, 0xe6, 0x15, 0x00, 0x00,
    0xd7, 0x04, 0x00, 0x00, 0xb4, 0xcb, 0xff, 0xff, 0xa6, 0x63, 0xff, 0xff,
    0x2e, 0xdc, 0xff, 0xff, 0x04, 0x00, 0x00, 0x00, 0x6c, 0x00, 0x00, 0x00,
    0xac, 0x25, 0xc2, 0x1d, 0x00, 0x43, 0x88, 0x56, 0x6a, 0xc3, 0x8a, 0xe1,
    0x81, 0xc3, 0xc2, 0xdd, 0x7f, 0x93, 0xcf, 0x7f, 0xca, 0x13, 0x7f, 0xee,
    0x21, 0x87, 0xc9, 0x1b, 0xe5, 0xc3, 0x73, 0x33, 0xa0, 0x7f, 0xd0, 0xa5,
    0xd6, 0x6b, 0xb3, 0x7f, 0x54, 0x0a, 0x10, 0x3a, 0x9a, 0x9e, 0xf9, 0x35,
    0xca, 0x01, 0x2f, 0x37, 0x73, 0x48, 0xdd, 0x65, 0xac, 0x49, 0x6b, 0x00,
    0x39, 0xb6, 0xc1, 0x03, 0x3c, 0x7f, 0x8f, 0x2e, 0x7f, 0xbd, 0x4f, 0x34,
    0x2e, 0x7f, 0x4a, 0xdd, 0x67, 0xfd, 0x81, 0x3b, 0x1d, 0xb8, 0x34, 0x7f,
    0x59, 0x0f, 0x7f, 0x84, 0x0e, 0xe9, 0x59, 0xca, 0x82, 0x4f, 0xee, 0xce,
    0xb3, 0xac, 0x7a, 0xe7, 0x14, 0x5d, 0x68, 0x35, 0x0a, 0xed, 0xc6, 0xd4,
    0xa6, 0xdc, 0xff, 0xff, 0x04, 0x00, 0x00, 0x00, 0x30, 0x00, 0x00, 0x00,
    0x00, 0x00, 0x00, 0x00, 0x00, 0x00, 0x00, 0x00, 0x00, 0x00, 0x00, 0x00,
    0x00, 0x00, 0x00, 0x00, 0x00, 0x00, 0x00, 0x00, 0x00, 0x00, 0x00, 0x00,
    0x00, 0x00, 0x00, 0x00, 0x00, 0x00, 0x00, 0x00, 0x00, 0x00, 0x00, 0x00,
    0x00, 0x00, 0x00, 0x00, 0x00, 0x00, 0x00, 0x00, 0x00, 0x00, 0x00, 0x00,
    0xe2, 0xdc, 0xff, 0xff, 0x04, 0x00, 0x00, 0x00, 0x20, 0x01, 0x00, 0x00,
    0x07, 0x32, 0x4e, 0xff, 0x3c, 0x22, 0xf2, 0xbc, 0x38, 0x9b, 0x81, 0xb1,
    0x42, 0xa7, 0x00, 0xd0, 0xc6, 0xdb, 0x7f, 0xd0, 0x44, 0x46, 0x47, 0x1c,
    0x03, 0x81, 0xeb, 0x4b, 0xb5, 0x41, 0x06, 0xe4, 0x00, 0xe7, 0xde, 0x26,
    0x7f, 0x36, 0xc1, 0xe2, 0x99, 0xff, 0x1b, 0x58, 0xb6, 0xee, 0x0f, 0xaf,
    0x82, 0xdd, 0x4b, 0x3a, 0xc5, 0x25, 0x20, 0xcf, 0x00, 0x2b, 0x7f, 0xde,
    0x81, 0x6c, 0x88, 0xd7, 0xcd, 0x5b, 0xa7, 0xd5, 0x63, 0x1c, 0xc8, 0x0b,
    0xce, 0x81, 0x25, 0xef, 0xe1, 0x28, 0xd3, 0x14, 0xcd, 0x26, 0x03, 0xfe,
    0xe9, 0x16, 0xfe, 0x07, 0xcb, 0x7f, 0x35, 0x1d, 0x26, 0x02, 0xd7, 0xaa,
    0xbb, 0xad, 0x44, 0xe6, 0xd8, 0x9a, 0xb0, 0x09, 0x7f, 0xe8, 0x21, 0x76,
    0x2b, 0x34, 0xe9, 0xeb, 0x81, 0x96, 0x22, 0xe1, 0xc0, 0xf5, 0xe0, 0xf4,
    0x1c, 0x96, 0xda, 0xf2, 0xef, 0x22, 0x5f, 0x41, 0x8f, 0x2c, 0x12, 0x81,
    0xdc, 0x79, 0xe2, 0x3b, 0x7f, 0xa0, 0xf3, 0x56, 0xce, 0x91, 0x23, 0xd7,
    0x34, 0xee, 0xc5, 0x14, 0x3b, 0xf9, 0x84, 0x34, 0xb6, 0x6b, 0x7f, 0xab,
    0xa8, 0x6f, 0xa4, 0x51, 0x22, 0x4f, 0x94, 0xd0, 0x15, 0x2d, 0x81, 0xaf,
    0x48, 0x93, 0x45, 0x7f, 0x46, 0x48, 0x5e, 0x21, 0x1f, 0x73, 0xd8, 0x46,
    0x27, 0x43, 0x04, 0xd1, 0xff, 0x03, 0x64, 0xcc, 0x81, 0xd5, 0x29, 0xac,
    0x36, 0x60, 0x92, 0xc9, 0xb9, 0x1f, 0x81, 0xf4, 0xe0, 0x16, 0x3f, 0x3e,
    0xbd, 0x29, 0x4d, 0x63, 0xec, 0xd0, 0x81, 0xa9, 0x00, 0x1b, 0x4b, 0x7f,
    0xdf, 0x4a, 0x0f, 0xd9, 0xc5, 0x81, 0x90, 0x66, 0xb3, 0x94, 0xb4, 0x4a,
    0x47, 0x81, 0x10, 0xac, 0x50, 0x7b, 0x64, 0x96, 0x30, 0xdc, 0xe2, 0xb9,
    0x1b, 0xfc, 0x0a, 0x01, 0xd0, 0xbf, 0x7f, 0xfe, 0x89, 0x36, 0x33, 0x1e,
    0x55, 0x81, 0xa8, 0x2d, 0x38, 0x1c, 0xe8, 0xe9, 0x09, 0xd0, 0x1d, 0x05,
    0x35, 0x81, 0xc4, 0x25, 0x27, 0x13, 0x20, 0xca, 0x1c, 0x1b, 0x07, 0x2b,
    0x06, 0x7f, 0x22, 0x75, 0x8a, 0xa5, 0xc0, 0x46, 0x53, 0xfa, 0x7d, 0x27,
    0x0e, 0xde, 0xff, 0xff, 0x04, 0x00, 0x00, 0x00, 0x60, 0x00, 0x00, 0x00,
    0x68, 0x00, 0x00, 0x00, 0x1c, 0x07, 0x00, 0x00, 0x6b, 0x02, 0x00, 0x00,
    0x11, 0x03, 0x00, 0x00, 0x64, 0x01, 0x00, 0x00, 0x9d, 0x02, 0x00, 0x00,
    0x6f, 0xfa, 0xff, 0xff, 0x32, 0x00, 0x00, 0x00, 0xe8, 0x02, 0x00, 0x00,
    0x84, 0x0c, 0x00, 0x00, 0x91, 0xf9, 0xff, 0xff, 0xf3, 0xf3, 0xff, 0xff,
    0xa5, 0xf5, 0xff, 0xff, 0xa1, 0xfe, 0xff, 0xff, 0xd2, 0xf9, 0xff, 0xff,
    0x34, 0x02, 0x00, 0x00, 0x2e, 0x03, 0x00, 0x00, 0xcb, 0x02, 0x00, 0x00,
    0xdb, 0xff, 0xff, 0xff, 0x15, 0x00, 0x00, 0x00, 0x33, 0x04, 0x00, 0x00,
    0x1f, 0xfc, 0xff, 0xff, 0x31, 0x00, 0x00, 0x00, 0x67, 0x05, 0x00, 0x00,
    0x7a, 0xde, 0xff, 0xff, 0x04, 0x00, 0x00, 0x00, 0xd8, 0x00, 0x00, 0x00,
    0xf1, 0x3e, 0x21, 0xdb, 0xd3, 0x0c, 0x94, 0x10, 0x06, 0xc5, 0x81, 0xd9,
    0x4c, 0x1f, 0xa8, 0xde, 0xf5, 0xbd, 0x2d, 0x7f, 0x50, 0x92, 0xed, 0x0d,
    0x74, 0xc2, 0x9e, 0x81, 0xaa, 0xad, 0x8a, 0x81, 0x9a, 0xdc, 0x0d, 0xc5,
    0x11, 0xd8, 0xac, 0x5c, 0x21, 0xb1, 0x9e, 0x0b, 0xf6, 0x21, 0x65, 0xe1,
    0x7f, 0x32, 0x1a, 0x96, 0x52, 0xe8, 0x7f, 0xc2, 0x95, 0xb6, 0x29, 0x50,
    0xda, 0xa5, 0x5b, 0x38, 0xb7, 0x93, 0x81, 0xe9, 0xed, 0x1f, 0xaf, 0x08,
    0xde, 0xf3, 0xb2, 0xc6, 0x89, 0x7f, 0x03, 0x9b, 0x0c, 0x4e, 0xf5, 0xd8,
    0xc0, 0xfe, 0x3c, 0x7f, 0x7f, 0x81, 0xf8, 0xe9, 0x26, 0x6b, 0xbf, 0x8e,
    0x38, 0xfd, 0x15, 0x0b, 0x81, 0x9d, 0x1e, 0xb8, 0xdb, 0x7f, 0x10, 0xd3,
    0xf8, 0xf8, 0xc5, 0x3e, 0x77, 0xec, 0x55, 0x36, 0x5d, 0x04, 0x33, 0xd7,
    0x33, 0x21, 0x7f, 0xb0, 0xbb, 0xc5, 0x42, 0xed, 0xd7, 0xe7, 0x37, 0xde,
    0x29, 0x5e, 0xe2, 0x21, 0x73, 0xab, 0x44, 0xf4, 0x1e, 0xc9, 0x82, 0xe3,
    0x48, 0x56, 0x35, 0x32, 0x40, 0x27, 0x47, 0x5d, 0x0c, 0xc4, 0x12, 0xbb,
    0x81, 0x28, 0x8d, 0x7a, 0x26, 0xb2, 0x27, 0xcf, 0x71, 0x7f, 0x7a, 0x8b,
    0x1e, 0x7f, 0x4f, 0xfe, 0xc2, 0xc4, 0x60, 0xce, 0x7f, 0x0f, 0xef, 0x81,
    0xa3, 0x5a, 0xe8, 0x40, 0xa5, 0x27, 0xf3, 0x23, 0x7f, 0x35, 0x44, 0x81,
    0x2a, 0x46, 0x78, 0x53, 0xc0, 0xb0, 0xa6, 0xd7, 0x6e, 0xa4, 0x6b, 0xa2,
    0xa6, 0x7f, 0x81, 0xe1, 0x53, 0xd5, 0x4d, 0x15, 0xd8, 0xf3, 0x81, 0xc1,
    0x5e, 0xdf, 0xff, 0xff, 0x04, 0x00, 0x00, 0x00, 0x60, 0x00, 0x00, 0x00,
    0x00, 0x00, 0x00, 0x00, 0x00, 0x00, 0x00, 0x00, 0x00, 0x00, 0x00, 0x00,
    0x00, 0x00, 0x00, 0x00, 0x00, 0x00, 0x00, 0x00, 0x00, 0x00, 0x00, 0x00,
    0x00, 0x00, 0x00, 0x00, 0x00, 0x00, 0x00, 0x00, 0x00, 0x00, 0x00, 0x00,
    0x00, 0x00, 0x00, 0x00, 0x00, 0x00, 0x00, 0x00, 0x00, 0x00, 0x00, 0x00,
    0x00, 0x00, 0x00, 0x00, 0x00, 0x00, 0x00, 0x00, 0x00, 0x00, 0x00, 0x00,
    0x00, 0x00, 0x00, 0x00, 0x00, 0x00, 0x00, 0x00, 0x00, 0x00, 0x00, 0x00,
    0x00, 0x00, 0x00, 0x00, 0x00, 0x00, 0x00, 0x00, 0x00, 0x00, 0x00, 0x00,
    0x00, 0x00, 0x00, 0x00, 0x00, 0x00, 0x00, 0x00, 0x00, 0x00, 0x00, 0x00,
    0xca, 0xdf, 0xff, 0xff, 0x04, 0x00, 0x00, 0x00, 0xc0, 0x03, 0x00, 0x00,
    0x7f, 0x62, 0xb3, 0xf6, 0xd5, 0x59, 0xc8, 0xd9, 0x51, 0xc3, 0x2f, 0x17,
    0x46, 0xdb, 0xe2, 0xa9, 0xad, 0xe8, 0x18, 0xd6, 0xe8, 0xbe, 0x1f, 0x9c,
    0x14, 0xd4, 0xde, 0x81, 0x19, 0x16, 0x0f, 0x98, 0x1d, 0x61, 0xb2, 0x3a,
    0xab, 0x10, 0x26, 0x37, 0x79, 0x40, 0xd8, 0xaf, 0x14, 0xdd, 0x4c, 0xb5,
    0xa9, 0xaa, 0x97, 0xce, 0x34, 0x1e, 0x5a, 0x72, 0xc8, 0x09, 0x18, 0xdd,
    0xe5, 0x62, 0xb5, 0x5f, 0x35, 0x64, 0x7f, 0x09, 0xfe, 0xc5, 0xdd, 0xfe,
    0xcd, 0x00, 0xe5, 0xbc, 0x27, 0x37, 0x98, 0x3c, 0xa7, 0x57, 0xcc, 0x23,
    0x0e, 0x51, 0xc2, 0xe3, 0xc9, 0xd3, 0xe3, 0x68, 0x3b, 0x81, 0xd2, 0xbe,
    0x42, 0xc9, 0x04, 0x27, 0x29, 0xc3, 0x35, 0x41, 0xf0, 0xf7, 0x2b, 0xe4,
    0x03, 0xf8, 0xf0, 0xfa, 0xe2, 0xcf, 0xf9, 0xd6, 0x34, 0xc7, 0x81, 0xf3,
    0x3e, 0xec, 0x49, 0x1b, 0xb6, 0x29, 0xbe, 0x1a, 0x25, 0x1b, 0xfe, 0x25,
    0x27, 0xd6, 0xe8, 0x54, 0x66, 0xc1, 0x15, 0x7f, 0xc9, 0x93, 0xe0, 0xba,
    0x95, 0xe7, 0x3f, 0x16, 0xfb, 0xe3, 0xfc, 0x81, 0xf5, 0x00, 0xd5, 0x64,
    0x9e, 0x8a, 0xa5, 0xcd, 0x2c, 0xc0, 0xbd, 0xfb, 0x9c, 0x1a, 0x57, 0xdc,
    0xfc, 0x19, 0x4f, 0x0b, 0xa1, 0xe5, 0x0c, 0xbc, 0x4c, 0x1c, 0x7f, 0x01,
    0xff, 0xba, 0x6a, 0x21, 0xfd, 0x0a, 0x0e, 0x09, 0xde, 0x5b, 0x42, 0x77,
    0x2a, 0xf5, 0x94, 0x3b, 0xe4, 0x83, 0xe6, 0x60, 0x78, 0xdb, 0x33, 0x61,
    0xd4, 0x0c, 0xed, 0x45, 0x82, 0x9a, 0x46, 0x37, 0x58, 0x81, 0xe0, 0x8d,
    0x0a, 0xe6, 0xa6, 0x26, 0xe0, 0xe0, 0xd9, 0x9f, 0x81, 0xfe, 0x9e, 0x44,
    0x50, 0x38, 0xf8, 0x23, 0xd4, 0x01, 0xa2, 0xe8, 0x26, 0xd4, 0xd4, 0x08,
    0x4c, 0xcd, 0xb5, 0x03, 0x7f, 0xea, 0xef, 0x4e, 0x1f, 0xef, 0x1d, 0x9b,
    0x0a, 0x02, 0xd1, 0x2d, 0xdd, 0x9a, 0x31, 0x14, 0xd2, 0x22, 0x2f, 0x39,
    0xda, 0x19, 0x1d, 0x1c, 0x47, 0x87, 0x2a, 0xa5, 0xc1, 0x7f, 0xc4, 0x55,
    0x4a, 0xaf, 0xa2, 0x0a, 0x03, 0x44, 0xe8, 0xa9, 0xa6, 0x15, 0x96, 0xb7,
    0xe5, 0x0a, 0x57, 0xa7, 0xdf, 0x81, 0xc5, 0x12, 0xff, 0xeb, 0x53, 0x26,
    0x3c, 0x3f, 0x1a, 0x56, 0x32, 0x11, 0xf4, 0x04, 0x12, 0x2c, 0x18, 0x3b,
    0x7f, 0xbc, 0x6c, 0x2f, 0xc4, 0xd8, 0xb0, 0x3a, 0xa2, 0x01, 0x0d, 0x49,
    0x78, 0x0e, 0xf7, 0xb4, 0xc8, 0x8c, 0xd7, 0x3a, 0x3f, 0x46, 0xdf, 0x95,
    0x5e, 0xf7, 0xcd, 0xed, 0x31, 0xbf, 0x89, 0xad, 0x08, 0x90, 0x0b, 0x0b,
    0x60, 0x29, 0xf5, 0x45, 0x4e, 0xdf, 0x81, 0xb2, 0xb1, 0xc3, 0xb8, 0xd4,
    0xcf, 0x32, 0x4d, 0x37, 0x0f, 0xbb, 0x5d, 0xf2, 0xaa, 0x3f, 0x31, 0xbd,
    0x40, 0x60, 0x2b, 0xc2, 0x7f, 0x1c, 0xe7, 0xe6, 0x33, 0x41, 0x02, 0xbc,
    0x82, 0x4f, 0xaf, 0x23, 0x46, 0xd3, 0x9f, 0xff, 0xdf, 0x0b, 0x81, 0x31,
    0xf3, 0x00, 0xe6, 0xcc, 0xf3, 0x0e, 0xa0, 0xf0, 0xcb, 0x24, 0x3f, 0x4b,
    0x5f, 0x59, 0xc3, 0xce, 0x44, 0xb4, 0xb2, 0xd5, 0xdd, 0x08, 0x81, 0x19,
    0xfb, 0x3e, 0xde, 0x0f, 0xea, 0xd3, 0x19, 0xce, 0xae, 0xcc, 0x2a, 0xc8,
    0xa9, 0xa4, 0xf7, 0xb5, 0x2a, 0x30, 0xa3, 0x57, 0x14, 0xfe, 0xa3, 0x36,
    0xb3, 0x09, 0x60, 0xdc, 0x33, 0x18, 0x42, 0xe1, 0x38, 0x2c, 0x4c, 0x81,
    0x32, 0x3a, 0x41, 0x34, 0xfa, 0x6f, 0xa7, 0x81, 0x16, 0x90, 0xb8, 0xf7,
    0x64, 0x37, 0xd1, 0xfe, 0x13, 0x85, 0xb9, 0x69, 0xec, 0xe8, 0xb0, 0x28,
    0xd1, 0xcb, 0x68, 0x8d, 0xdc, 0x35, 0xcc, 0x17, 0x72, 0x77, 0xcd, 0x77,
    0xdb, 0xf1, 0x21, 0xec, 0x7f, 0x45, 0xed, 0x03, 0x04, 0x2e, 0xf1, 0xa6,
    0xdd, 0x18, 0xef, 0xd1, 0x50, 0x15, 0x33, 0xf3, 0xb5, 0xc1, 0x81, 0xef,
    0x06, 0xde, 0xb5, 0xc0, 0xf5, 0x4c, 0xbb, 0x78, 0xd8, 0x38, 0x79, 0xaf,
    0x0e, 0x7f, 0x3b, 0xc2, 0x08, 0xb8, 0x4b, 0xfe, 0xcd, 0xed, 0xc8, 0xbc,
    0x47, 0x20, 0xe9, 0x0f, 0xcf, 0x34, 0xd9, 0xed, 0x1c, 0xea, 0xdf, 0xed,
    0xde, 0xe1, 0x5e, 0xd1, 0x33, 0xd1, 0x42, 0x95, 0x4e, 0x57, 0xc9, 0x0e,
    0xea, 0xb8, 0x8d, 0x81, 0xe4, 0x31, 0x41, 0x27, 0x82, 0xf8, 0x77, 0xe3,
    0xe4, 0xe8, 0x18, 0xe5, 0x97, 0x24, 0xd8, 0x35, 0xf6, 0x27, 0xc0, 0xdf,
    0xfd, 0x24, 0xf4, 0x1a, 0xca, 0xc5, 0xaf, 0x57, 0x24, 0x81, 0xe0, 0xcb,
    0x03, 0xe5, 0xfc, 0x0d, 0x61, 0x7f, 0xd9, 0x01, 0x28, 0x28, 0x36, 0x29,
    0x4c, 0x2b, 0x6e, 0xff, 0x20, 0xed, 0x0d, 0x8c, 0xff, 0x8b, 0x83, 0x21,
    0xc0, 0x97, 0xaf, 0xa1, 0xf3, 0xce, 0x63, 0x0d, 0x0e, 0x15, 0xd8, 0x5d,
    0xc6, 0xe9, 0x57, 0x4c, 0x06, 0xd1, 0xb8, 0x93, 0x03, 0x07, 0x29, 0x81,
    0xbc, 0x7f, 0xc9, 0xb3, 0x38, 0x44, 0x23, 0xe0, 0x5c, 0xc7, 0xb5, 0x3c,
    0x2b, 0x43, 0xfe, 0x16, 0x77, 0xbb, 0xbf, 0xe1, 0x00, 0x4d, 0x09, 0x58,
    0xe9, 0xc7, 0xdf, 0xa5, 0xbc, 0xb5, 0x02, 0x7f, 0xb2, 0xeb, 0xd6, 0x3a,
    0x3e, 0x04, 0x28, 0x53, 0x11, 0xab, 0xa7, 0xe9, 0x15, 0xd9, 0xc2, 0xaa,
    0x4b, 0xea, 0x11, 0x81, 0x49, 0x15, 0x06, 0x33, 0x16, 0xc6, 0x2c, 0xfa,
    0xfb, 0x33, 0xc6, 0x09, 0x45, 0x4f, 0x50, 0xd3, 0xc9, 0xdc, 0x5a, 0xa3,
    0x1f, 0x9a, 0x56, 0x10, 0xa4, 0xb2, 0x88, 0x1a, 0x52, 0xc8, 0xe4, 0x4d,
    0x33, 0x49, 0x19, 0x23, 0xa8, 0x3f, 0xfa, 0x38, 0x2b, 0x81, 0xdc, 0xcd,
    0x3b, 0xe3, 0xf2, 0xbc, 0x9f, 0xd0, 0x31, 0x9e, 0x9c, 0xec, 0x61, 0x6e,
    0x5a, 0x2d, 0x60, 0xaf, 0xe2, 0xf3, 0xad, 0xef, 0xf8, 0x15, 0x1e, 0x7f,
    0x14, 0x4a, 0x19, 0xe9, 0xf3, 0x30, 0xda, 0xe4, 0xc8, 0x81, 0xd5, 0xed,
    0xdb, 0xd7, 0x1b, 0xf6, 0x15, 0x08, 0xf4, 0x07, 0x2c, 0xfe, 0x0e, 0xcf,
    0x10, 0x71, 0xc0, 0xf6, 0x3d, 0xd0, 0xbb, 0xb5, 0xbf, 0x81, 0x31, 0xdc,
    0x3b, 0xe8, 0x43, 0x48, 0x16, 0xd0, 0xf5, 0x54, 0xb7, 0x1c, 0xc2, 0xdc,
    0xcb, 0x14, 0x05, 0xd8, 0x0b, 0x27, 0xdd, 0x0c, 0x22, 0x7f, 0x3e, 0x01,
    0x02, 0xc9, 0xf8, 0xa2, 0xf7, 0x2d, 0xad, 0x12, 0xc8, 0xe4, 0xe3, 0xd0,
    0x24, 0x94, 0xca, 0x89, 0x61, 0x4c, 0x60, 0x71, 0x5e, 0x81, 0x19, 0x19,
    0xb0, 0xdd, 0x33, 0xea, 0xc9, 0x62, 0x45, 0xf0, 0x41, 0xd4, 0x2c, 0x94,
    0x0e, 0x4f, 0xca, 0x56, 0xd0, 0x0b, 0x1a, 0x28, 0x31, 0xbb, 0xe7, 0x0d,
    0x55, 0x32, 0x1a, 0x54, 0xb4, 0x32, 0x9f, 0x56, 0x39, 0x81, 0xf4, 0xc1,
    0x46, 0x6f, 0x81, 0x50, 0xc8, 0x2e, 0x2c, 0xfb, 0x13, 0xb1, 0xe5, 0xf1,
    0x25, 0x8f, 0x7a, 0xf6, 0x28, 0x25, 0x68, 0xe4, 0xe5, 0x44, 0x41, 0xcd,
    0x26, 0x3f, 0xe6, 0xe3, 0x26, 0x31, 0xe8, 0xda, 0x29, 0xf6, 0x01, 0x1d,
    0x56, 0xc9, 0x7f, 0xb1, 0xcb, 0xea, 0xf3, 0xdd, 0x04, 0xeb, 0xd0, 0xde,
    0xb8, 0x46, 0xe1, 0xf7, 0x28, 0x06, 0x46, 0xc5, 0x00, 0x58, 0xf3, 0x7f,
    0x0d, 0xfd, 0xc4, 0xd0, 0xd6, 0x1a, 0xee, 0xf4, 0xec, 0x19, 0xa3, 0xca,
    0x96, 0xe3, 0xff, 0xff, 0x04, 0x00, 0x00, 0x00, 0xa0, 0x00, 0x00, 0x00,
    0x4f, 0xfb, 0xff, 0xff, 0x07, 0xf8, 0xff, 0xff, 0x3a, 0x07, 0x00, 0x00,
    0xc0, 0x00, 0x00, 0x00, 0x86, 0xfe, 0xff, 0xff, 0xcc, 0xed, 0xff, 0xff,
    0x5c, 0xff, 0xff, 0xff, 0x45, 0xfc, 0xff, 0xff, 0x84, 0xf6, 0xff, 0xff,
    0x21, 0x00, 0x00, 0x00, 0x65, 0x03, 0x00, 0x00, 0x1b, 0x09, 0x00, 0x00,
    0xdd, 0xf6, 0xff, 0xff, 0xf1, 0xf2, 0xff, 0xff, 0x81, 0xf8, 0xff, 0xff,
    0x92, 0xf4, 0xff, 0xff, 0x67, 0x14, 0x00, 0x00, 0xde, 0xf9, 0xff, 0xff,
    0x81, 0x06, 0x00, 0x00, 0xd9, 0xec, 0xff, 0xff, 0x3c, 0xfd, 0xff, 0xff,
    0x0f, 0x02, 0x00, 0x00, 0x8d, 0xf7, 0xff, 0xff, 0xfa, 0x05, 0x00, 0x00,
    0x67, 0xf3, 0xff, 0xff, 0x5f, 0x13, 0x00, 0x00, 0xe9, 0xff, 0xff, 0xff,
    0x3b, 0xfa, 0xff, 0xff, 0xdd, 0xf6, 0xff, 0xff, 0x9a, 0xfc, 0xff, 0xff,
    0xf1, 0xfd, 0xff, 0xff, 0xb6, 0xfe, 0xff, 0xff, 0x02, 0xf5, 0xff, 0xff,
    0x8b, 0xf4, 0xff, 0xff, 0x6f, 0x0a, 0x00, 0x00, 0x3c, 0x08, 0x00, 0x00,
    0xb2, 0xfe, 0xff, 0xff, 0x0e, 0xff, 0xff, 0xff, 0xb6, 0x07, 0x00, 0x00,
    0x42, 0x06, 0x00, 0x00, 0x42, 0xe4, 0xff, 0xff, 0x04, 0x00, 0x00, 0x00,
    0x68, 0x01, 0x00, 0x00, 0x8d, 0x6d, 0xab, 0xd7, 0x5f, 0x3f, 0x41, 0x27,
    0x12, 0x81, 0x5e, 0x1d, 0x81, 0x38, 0xf1, 0x5c, 0xbd, 0x81, 0xce, 0x7f,
    0x81, 0x56, 0xb9, 0xec, 0x69, 0x9b, 0xcd, 0x93, 0xf3, 0x1e, 0xf4, 0xff,
    0x5d, 0xbf, 0xe4, 0x7f, 0x0c, 0xa9, 0x0c, 0x3a, 0xd6, 0x7f, 0xdf, 0xda,
    0x56, 0x08, 0x66, 0x2f, 0x25, 0xb1, 0xe1, 0x39, 0xc6, 0x4f, 0x8d, 0x51,
    0x85, 0xe3, 0x6b, 0x4f, 0x81, 0xe4, 0x1f, 0x28, 0x00, 0x90, 0x52, 0xa7,
    0x1a, 0x2a, 0x53, 0x16, 0x21, 0x8f, 0x0b, 0x57, 0xe4, 0xa1, 0xa8, 0xf7,
    0x05, 0x6c, 0xa7, 0xe6, 0x7f, 0x29, 0x14, 0xed, 0xf7, 0xa6, 0x5c, 0xde,
    0xa1, 0x2c, 0x81, 0x0e, 0x81, 0xc3, 0x7f, 0x3b, 0x9e, 0x5b, 0xc0, 0x17,
    0x7f, 0x81, 0x7f, 0x81, 0xfe, 0x7f, 0xe6, 0x0a, 0xfd, 0x42, 0x64, 0x4f,
    0x01, 0xdc, 0xb3, 0x31, 0xf6, 0xd4, 0x70, 0xff, 0x3e, 0x28, 0xe4, 0xf5,
    0x5d, 0xe6, 0xf4, 0x7f, 0x2c, 0xba, 0xfd, 0x78, 0xbb, 0xa4, 0x09, 0x34,
    0x42, 0xd7, 0xd3, 0xe0, 0xf1, 0xd6, 0xe3, 0x06, 0x60, 0x71, 0xfd, 0xa2,
    0xf4, 0x07, 0x62, 0xec, 0x1d, 0xb0, 0xdb, 0x6e, 0x34, 0xf8, 0x1c, 0xa1,
    0xbd, 0x7f, 0x17, 0xd6, 0x0f, 0x9b, 0xa3, 0x77, 0xa2, 0x24, 0x1b, 0x3e,
    0xd6, 0xee, 0x0d, 0x45, 0x5b, 0xf2, 0xa8, 0xf0, 0x00, 0xaa, 0x05, 0x8e,
    0x64, 0x2c, 0x06, 0xd2, 0xa6, 0x15, 0x25, 0xe0, 0xf7, 0x02, 0xab, 0x5a,
    0x07, 0xdc, 0x7f, 0x2b, 0xf5, 0x3b, 0xeb, 0xe5, 0x7a, 0xa4, 0x81, 0x29,
    0xa2, 0xfc, 0x0f, 0x77, 0xb4, 0xe1, 0x7b, 0x49, 0xdc, 0x0d, 0x81, 0xfe,
    0xb1, 0x84, 0x07, 0x9a, 0x74, 0x50, 0x4c, 0x95, 0x3b, 0xc6, 0x35, 0x57,
    0xe4, 0xca, 0xd6, 0x0f, 0x81, 0xd3, 0x3f, 0x89, 0xf9, 0x3a, 0x48, 0x50,
    0x81, 0xc7, 0x4d, 0x28, 0x4f, 0xc7, 0x14, 0x7f, 0xf4, 0xfe, 0x93, 0xe9,
    0x11, 0x7f, 0xe7, 0xcc, 0xe6, 0x41, 0x8a, 0x22, 0x7f, 0xba, 0x7f, 0x9f,
    0x70, 0x7f, 0x34, 0xc6, 0x81, 0x68, 0xab, 0x7f, 0x94, 0x0d, 0x77, 0xc9,
    0x06, 0x1e, 0x7f, 0x7f, 0xc6, 0xbb, 0x00, 0x5b, 0xc2, 0xd9, 0xd8, 0xf5,
    0x3b, 0xd1, 0xbd, 0xb0, 0x2e, 0x13, 0x97, 0x81, 0xf5, 0x51, 0xc9, 0x31,
    0x31, 0x02, 0x6d, 0x81, 0x7f, 0x43, 0xee, 0xb5, 0xcf, 0x7e, 0x81, 0x27,
    0xb3, 0x13, 0x9a, 0x81, 0xa8, 0x50, 0x43, 0x62, 0xbc, 0x8b, 0x88, 0x47,
    0x1e, 0x81, 0x12, 0x57, 0x0f, 0x9d, 0x1e, 0xe8, 0x96, 0x6e, 0xe8, 0xb9,
    0x7b, 0xe3, 0xcf, 0xae, 0x3c, 0x05, 0x75, 0x84, 0x7a, 0x3b, 0x7f, 0x18,
    0x9b, 0x7f, 0xc6, 0x5a, 0xb6, 0xe5, 0xff, 0xff, 0x04, 0x00, 0x00, 0x00,
    0xa0, 0x00, 0x00, 0x00, 0x00, 0x00, 0x00, 0x00, 0x00, 0x00, 0x00, 0x00,
    0x00, 0x00, 0x00, 0x00, 0x00, 0x00, 0x00, 0x00, 0x00, 0x00, 0x00, 0x00,
    0x00, 0x00, 0x00, 0x00, 0x00, 0x00, 0x00, 0x00, 0x00, 0x00, 0x00, 0x00,
    0x00, 0x00, 0x00, 0x00, 0x00, 0x00, 0x00, 0x00, 0x00, 0x00, 0x00, 0x00,
    0x00, 0x00, 0x00, 0x00, 0x00, 0x00, 0x00, 0x00, 0x00, 0x00, 0x00, 0x00,
    0x00, 0x00, 0x00, 0x00, 0x00, 0x00, 0x00, 0x00, 0x00, 0x00, 0x00, 0x00,
    0x00, 0x00, 0x00, 0x00, 0x00, 0x00, 0x00, 0x00, 0x00, 0x00, 0x00, 0x00,
    0x00, 0x00, 0x00, 0x00, 0x00, 0x00, 0x00, 0x00, 0x00, 0x00, 0x00, 0x00,
    0x00, 0x00, 0x00, 0x00, 0x00, 0x00, 0x00, 0x00, 0x00, 0x00, 0x00, 0x00,
    0x00, 0x00, 0x00, 0x00, 0x00, 0x00, 0x00, 0x00, 0x00, 0x00, 0x00, 0x00,
    0x00, 0x00, 0x00, 0x00, 0x00, 0x00, 0x00, 0x00, 0x00, 0x00, 0x00, 0x00,
    0x00, 0x00, 0x00, 0x00, 0x00, 0x00, 0x00, 0x00, 0x00, 0x00, 0x00, 0x00,
    0x00, 0x00, 0x00, 0x00, 0x00, 0x00, 0x00, 0x00, 0x00, 0x00, 0x00, 0x00,
    0x00, 0x00, 0x00, 0x00, 0x00, 0x00, 0x00, 0x00, 0x62, 0xe6, 0xff, 0xff,
    0x04, 0x00, 0x00, 0x00, 0x00, 0x0a, 0x00, 0x00, 0x34, 0xf6, 0xe4, 0xd7,
    0xfb, 0xe8, 0x1d, 0x05, 0xd4, 0x1d, 0x9a, 0xd0, 0xee, 0x15, 0x02, 0xff,
    0x31, 0x4c, 0xf9, 0x27, 0x10, 0xd8, 0x1b, 0xe5, 0xf2, 0xb9, 0xf5, 0x05,
    0x7f, 0xc7, 0x51, 0x01, 0x9c, 0xf6, 0x26, 0x28, 0x46, 0xc3, 0xcb, 0x8d,
    0x3e, 0xf7, 0xb8, 0x01, 0xc1, 0xfa, 0xe7, 0x74, 0x0c, 0xb4, 0xdc, 0xf7,
    0x12, 0x01, 0x0b, 0xdb, 0xf6, 0xdf, 0x21, 0x2c, 0x2c, 0x7f, 0xee, 0xed,
    0xe9, 0xe3, 0xe2, 0x4a, 0x1e, 0x1d, 0xb4, 0xa2, 0xf9, 0x44, 0x3d, 0x31,
    0x48, 0xad, 0x3a, 0xf4, 0xe0, 0x07, 0xee, 0x2b, 0x02, 0xcf, 0xff, 0x22,
    0x39, 0x23, 0x37, 0xc1, 0xe4, 0x0a, 0x59, 0xbd, 0xe1, 0x7f, 0x06, 0xf9,
    0x13, 0xe9, 0x65, 0x00, 0xf1, 0xd3, 0x3c, 0x14, 0x30, 0xbe, 0xfd, 0x55,
    0xf9, 0xdb, 0xf3, 0x24, 0xfc, 0x4a, 0x6a, 0xe2, 0x51, 0xfd, 0x48, 0xe3,
    0xde, 0x0e, 0x2f, 0xc3, 0x38, 0x01, 0x36, 0xb7, 0x2c, 0xc9, 0xe0, 0x17,
    0xec, 0xf7, 0x3a, 0x38, 0x4c, 0x07, 0x26, 0xe5, 0xef, 0xfe, 0x04, 0x04,
    0x7f, 0x06, 0x06, 0xa7, 0xa8, 0x1b, 0x02, 0x65, 0xda, 0xf1, 0x17, 0x02,
    0x07, 0xee, 0xb4, 0x17, 0x71, 0xa7, 0x1c, 0x17, 0xda, 0x3a, 0xc6, 0x7f,
    0x03, 0x54, 0xb2, 0x12, 0x45, 0x0e, 0x3d, 0x3c, 0xea, 0xd4, 0xfe, 0x90,
    0x1e, 0xaa, 0x2e, 0x2b, 0xb8, 0x20, 0xee, 0x38, 0xe1, 0xe2, 0x1b, 0xd0,
    0xd5, 0x01, 0xf9, 0x52, 0x32, 0xec, 0xea, 0x70, 0x1b, 0x03, 0x61, 0x3b,
    0x58, 0x25, 0xb1, 0xdf, 0x3a, 0x45, 0xc3, 0x25, 0x87, 0xde, 0x29, 0x7c,
    0x25, 0xf5, 0x1c, 0xa7, 0x20, 0xc0, 0x05, 0xf6, 0xe8, 0xf4, 0x05, 0x49,
    0x02, 0xf1, 0xb6, 0x81, 0x37, 0x2b, 0xd6, 0x1f, 0xbc, 0x52, 0x3f, 0xa0,
    0xaf, 0x37, 0x38, 0x8d, 0xee, 0x7f, 0xcc, 0x04, 0xa1, 0x0f, 0x2c, 0x59,
    0xf4, 0x63, 0xb6, 0xe4, 0x8d, 0x7f, 0xc7, 0xd3, 0xe5, 0x97, 0x52, 0xca,
    0xf6, 0x09, 0x85, 0xf0, 0xf5, 0xb4, 0x3a, 0x87, 0xcf, 0xbd, 0x3d, 0xfe,
    0x14, 0x02, 0x19, 0x34, 0x45, 0x81, 0x3a, 0x25, 0xbd, 0x3c, 0x2d, 0x40,
    0x05, 0x50, 0x22, 0x09, 0x15, 0x0c, 0xf6, 0xd0, 0xfd, 0x92, 0xef, 0xb5,
    0xf6, 0x1e, 0x4e, 0x4f, 0xb2, 0x48, 0x1f, 0x93, 0x4b, 0x07, 0xdc, 0x0f,
    0xbb, 0x4c, 0x55, 0x70, 0x42, 0x15, 0x3b, 0x5a, 0x16, 0x36, 0x1a, 0x40,
    0xcd, 0xcf, 0x49, 0xc9, 0xfd, 0x69, 0xcf, 0x20, 0x81, 0x95, 0xee, 0x52,
    0x54, 0x1f, 0x64, 0xac, 0xfb, 0xa9, 0x24, 0x5b, 0x1a, 0xd3, 0xc6, 0x15,
    0x51, 0x06, 0xa9, 0xd2, 0x5f, 0x40, 0x97, 0x3b, 0xef, 0x65, 0xb7, 0x00,
    0x23, 0xd2, 0x38, 0xb6, 0xd4, 0x02, 0x45, 0xf3, 0x86, 0xdc, 0xff, 0xc8,
    0x60, 0xf6, 0x09, 0x10, 0xd7, 0x03, 0xf7, 0x26, 0x94, 0x44, 0x44, 0xca,
    0x1a, 0x40, 0xfd, 0x0b, 0x5a, 0x41, 0xe2, 0x1b, 0xe0, 0x7f, 0x41, 0xca,
    0xf2, 0xd1, 0x11, 0x9a, 0x04, 0xeb, 0xac, 0x78, 0x26, 0xea, 0x38, 0x95,
    0xcc, 0x74, 0x50, 0xcd, 0x05, 0x7c, 0x7f, 0xcb, 0xe5, 0xf7, 0x55, 0x14,
    0xd7, 0x8f, 0x11, 0x2f, 0x13, 0x85, 0x38, 0x72, 0x2b, 0xe4, 0x07, 0xb0,
    0x1f, 0x19, 0xfd, 0xcb, 0x15, 0x33, 0x11, 0x03, 0x11, 0xe6, 0xf8, 0xe5,
    0x21, 0xee, 0x0e, 0xf4, 0x18, 0xdf, 0x31, 0xd8, 0xe0, 0xb3, 0xe9, 0xb7,
    0xaa, 0x63, 0x4a, 0xdc, 0xbc, 0x27, 0x45, 0xfd, 0x2d, 0x21, 0xed, 0xca,
    0x28, 0x39, 0x2e, 0x51, 0x7f, 0xf2, 0xf0, 0x0b, 0xde, 0xb3, 0x21, 0x29,
    0xbd, 0x13, 0xba, 0x3e, 0xc8, 0xdb, 0x1e, 0x33, 0x23, 0xac, 0x03, 0x4e,
    0xf6, 0x17, 0x61, 0xc3, 0x2e, 0xc4, 0xf4, 0x25, 0xd4, 0xc4, 0x1c, 0xff,
    0xc2, 0xcc, 0x7f, 0xb1, 0xfa, 0x1d, 0xe9, 0xac, 0xb4, 0x1c, 0xc9, 0xbc,
    0x28, 0x2a, 0xb9, 0x7a, 0x52, 0x26, 0xdd, 0x7f, 0x00, 0x50, 0xf5, 0xad,
    0x2d, 0xbb, 0x3d, 0x9a, 0xc0, 0x28, 0xed, 0x14, 0xdb, 0xb8, 0x2b, 0xe0,
    0x39, 0x41, 0x16, 0x30, 0x04, 0xdf, 0x2b, 0xea, 0x22, 0xcd, 0x2c, 0x03,
    0xcb, 0x3f, 0xdb, 0xe3, 0x3e, 0xfc, 0xc8, 0xe3, 0xfa, 0x7f, 0xb0, 0x1d,
    0x0e, 0x0e, 0xf8, 0x4e, 0xd7, 0x3c, 0xbd, 0x18, 0x18, 0x14, 0xcf, 0x5c,
    0xc8, 0x19, 0xed, 0x61, 0x03, 0x3b, 0x71, 0xfa, 0x32, 0xb9, 0x33, 0x50,
    0x07, 0xdd, 0x38, 0xfa, 0x2a, 0x2a, 0x56, 0xcf, 0x51, 0x1f, 0xd1, 0x07,
    0x08, 0x2d, 0xe7, 0xd5, 0x10, 0x81, 0x37, 0xbf, 0xc4, 0xef, 0xf1, 0x24,
    0x09, 0xdf, 0x08, 0x17, 0x12, 0x02, 0xc7, 0x1d, 0x10, 0x30, 0xff, 0x18,
    0x4d, 0x1b, 0xf1, 0x03, 0xe0, 0x2e, 0x19, 0x3d, 0xe0, 0xde, 0x33, 0xf8,
    0x2c, 0x1e, 0x42, 0x49, 0x81, 0x01, 0x1b, 0xbe, 0x56, 0xf7, 0xb8, 0x3d,
    0xa1, 0x38, 0xe3, 0x6d, 0x15, 0xd7, 0xe9, 0xcc, 0x8b, 0xe0, 0x20, 0x2f,
    0xb3, 0x3e, 0x3c, 0xce, 0x0d, 0xa2, 0x32, 0x3e, 0x1b, 0xed, 0x0b, 0x11,
    0x14, 0xf4, 0xea, 0xe5, 0xf6, 0x0b, 0x0c, 0x30, 0x50, 0xb0, 0x08, 0x5b,
    0xdc, 0x37, 0x1e, 0x1d, 0xcd, 0x49, 0x3a, 0x0d, 0x05, 0x42, 0xee, 0xbc,
    0xe8, 0xb8, 0x00, 0xaa, 0x24, 0xdf, 0xe3, 0xea, 0xc6, 0x3b, 0x13, 0x09,
    0xe3, 0x2f, 0xcf, 0x6c, 0xf4, 0xe7, 0x67, 0x7f, 0xfe, 0xde, 0x05, 0xaf,
    0xad, 0x33, 0xb1, 0xbc, 0x40, 0xd9, 0x17, 0xfb, 0xb1, 0x1d, 0x9b, 0x29,
    0x81, 0xa4, 0xe0, 0xfa, 0x21, 0x11, 0x62, 0xa2, 0x23, 0x97, 0x17, 0xd3,
    0xa2, 0xbc, 0x39, 0x7f, 0xc7, 0xc9, 0xe9, 0xaf, 0x1e, 0x21, 0xdd, 0x6f,
    0x44, 0x60, 0xe8, 0xb7, 0xfe, 0x7f, 0x25, 0xdc, 0x4e, 0x65, 0xea, 0x31,
    0xeb, 0x36, 0x31, 0x4f, 0x24, 0x33, 0x16, 0x6d, 0x41, 0x25, 0xe1, 0x1e,
    0x0b, 0xe8, 0x1f, 0x96, 0x44, 0xc8, 0x35, 0x49, 0x0a, 0xd0, 0xdf, 0xc6,
    0x8d, 0xb8, 0x29, 0x16, 0xca, 0x09, 0xd5, 0x16, 0x08, 0x7f, 0x9e, 0xcf,
    0xd1, 0xb7, 0x14, 0xcb, 0x17, 0xc4, 0xdf, 0x27, 0xb9, 0x01, 0x28, 0xf4,
    0x47, 0xbd, 0xe0, 0xe1, 0x36, 0xc3, 0x08, 0x87, 0x43, 0xea, 0x75, 0x3a,
    0x93, 0xcb, 0x27, 0xd1, 0x8e, 0xbc, 0x6f, 0xb1, 0xd8, 0xd7, 0xca, 0xf0,
    0xe1, 0x3a, 0xf9, 0xec, 0x75, 0x81, 0x03, 0x2a, 0x2d, 0xc3, 0x24, 0xd2,
    0x21, 0x27, 0x24, 0xdf, 0x2c, 0x15, 0xc3, 0xf0, 0xdb, 0x32, 0x33, 0x13,
    0xf1, 0xf1, 0xb5, 0xa5, 0xc4, 0xfa, 0xf7, 0x2b, 0x0a, 0x1f, 0x13, 0x07,
    0xef, 0xb1, 0x3c, 0xc0, 0x10, 0x2d, 0x48, 0x63, 0xdf, 0xae, 0xbb, 0x19,
    0xb2, 0x2c, 0x94, 0x2b, 0x95, 0xc7, 0xcb, 0x7f, 0xd1, 0x17, 0x2b, 0x12,
    0x1e, 0xa0, 0xe5, 0x1c, 0x37, 0x17, 0x11, 0x52, 0x0e, 0x9e, 0x42, 0xc1,
    0x16, 0xbb, 0x6e, 0x22, 0x1b, 0x92, 0x3c, 0xd7, 0x03, 0x10, 0xf1, 0x1b,
    0x1b, 0x50, 0x33, 0x2c, 0x13, 0xc8, 0x17, 0x27, 0x0d, 0xbb, 0xff, 0x21,
    0x43, 0x17, 0x81, 0x7b, 0x36, 0xee, 0x3c, 0xaa, 0xc7, 0xec, 0xde, 0x01,
    0x35, 0x77, 0x46, 0xff, 0x0e, 0x66, 0xfb, 0x5f, 0x3f, 0x1a, 0x1b, 0x01,
    0x33, 0xb2, 0x3b, 0x47, 0x28, 0x33, 0x12, 0xf8, 0xc6, 0xe9, 0x3d, 0xc4,
    0x04, 0xbe, 0x6e, 0xc2, 0x0e, 0x22, 0x05, 0xb5, 0x3a, 0x1e, 0x7f, 0xfd,
    0x03, 0x1f, 0xff, 0xb8, 0xd8, 0x00, 0xd8, 0x3a, 0xce, 0x50, 0x0a, 0x36,
    0xce, 0x0e, 0xe6, 0x5d, 0xf5, 0x28, 0x4c, 0x5a, 0xfb, 0x44, 0xfd, 0xf7,
    0xdd, 0xbc, 0x00, 0x94, 0x59, 0xe6, 0x73, 0x98, 0xf2, 0xf3, 0xb2, 0x16,
    0xdc, 0xe9, 0x7f, 0xda, 0xe6, 0xfd, 0xde, 0xbe, 0x4d, 0x48, 0x37, 0x5e,
    0x40, 0xfa, 0x6a, 0x35, 0x1c, 0xfa, 0x0c, 0x21, 0xe3, 0x12, 0xc5, 0xda,
    0x30, 0x11, 0x02, 0x23, 0x00, 0x1f, 0xf6, 0xd1, 0xf5, 0x10, 0xeb, 0xd0,
    0x20, 0x7f, 0xd0, 0x0f, 0x0e, 0xf9, 0x07, 0xe6, 0xfe, 0x53, 0x1a, 0x34,
    0xe7, 0xe1, 0x3d, 0xed, 0xff, 0x0a, 0xe8, 0x11, 0x0f, 0xc2, 0xee, 0xfc,
    0x26, 0x06, 0x70, 0x69, 0xa5, 0xf1, 0xd0, 0xc5, 0xd9, 0x68, 0xb4, 0x60,
    0xa4, 0x4d, 0xba, 0x35, 0xfa, 0x3c, 0x41, 0x29, 0x4c, 0x81, 0x22, 0x1c,
    0x22, 0xeb, 0xe5, 0x0a, 0xac, 0x89, 0x17, 0x25, 0x15, 0x1c, 0x40, 0xd3,
    0xca, 0xc9, 0xdd, 0x4f, 0xc4, 0xed, 0x6b, 0xed, 0x15, 0x65, 0xf1, 0x30,
    0xff, 0x41, 0xd1, 0xe5, 0x81, 0xd4, 0x2a, 0xe2, 0x2e, 0x44, 0xc4, 0xd6,
    0x09, 0xd4, 0x14, 0x01, 0x2a, 0x13, 0x0d, 0x62, 0xd0, 0x0d, 0xdb, 0x14,
    0x4f, 0xbf, 0xfe, 0xc3, 0x31, 0xe1, 0x3a, 0x00, 0x32, 0xd4, 0x3d, 0x70,
    0x52, 0x56, 0x3d, 0x4e, 0x18, 0xea, 0xef, 0xf5, 0x2b, 0x37, 0x02, 0x81,
    0xc9, 0xaf, 0x00, 0xe5, 0xfc, 0x29, 0x53, 0xf0, 0xb4, 0x1f, 0x29, 0xa3,
    0x37, 0x2a, 0xdf, 0x1b, 0x1c, 0xbe, 0x3d, 0x25, 0xb1, 0xa0, 0xb6, 0x9e,
    0x02, 0x5c, 0x97, 0xf2, 0xb8, 0xde, 0x22, 0xd3, 0xfc, 0x1b, 0x58, 0x5d,
    0xef, 0x41, 0x23, 0x26, 0xf8, 0xff, 0xb3, 0x49, 0x2e, 0xd3, 0xed, 0x1c,
    0xf0, 0x60, 0x7f, 0xbc, 0xaa, 0x17, 0xc9, 0xcc, 0xee, 0xd2, 0x41, 0xd8,
    0xd1, 0xfc, 0xcb, 0xaa, 0xee, 0x3e, 0xb2, 0x00, 0xb3, 0x88, 0xc9, 0x1b,
    0x5a, 0xed, 0x27, 0x5b, 0x0e, 0x16, 0x44, 0xfe, 0x5c, 0x17, 0x44, 0x34,
    0xc6, 0xae, 0x13, 0xa8, 0x7f, 0x2f, 0x43, 0xc6, 0x9a, 0x0f, 0xbe, 0x1c,
    0x0c, 0xf3, 0xda, 0x81, 0x36, 0xda, 0x13, 0xe6, 0x27, 0xcf, 0xe1, 0x51,
    0xee, 0xee, 0x12, 0x24, 0xcc, 0xd8, 0x1e, 0xf7, 0x21, 0x0a, 0x5b, 0xce,
    0xb6, 0x26, 0xea, 0xee, 0x17, 0x0b, 0x7f, 0x0c, 0xc4, 0x50, 0xf7, 0xdc,
    0x14, 0x11, 0xc2, 0xe8, 0x39, 0x23, 0x0c, 0xf0, 0x2f, 0x0a, 0x42, 0x29,
    0x7f, 0xc6, 0x46, 0xfa, 0x46, 0xff, 0xee, 0x45, 0xec, 0x0f, 0xd0, 0xbf,
    0xeb, 0x15, 0xeb, 0x30, 0x45, 0xdf, 0x02, 0xdd, 0xcc, 0xdb, 0xe7, 0xe3,
    0xbb, 0xbc, 0xd4, 0x4f, 0xf1, 0xb9, 0x1e, 0xbd, 0x64, 0xae, 0xad, 0x61,
    0x56, 0x1a, 0x0b, 0x2a, 0x16, 0xbb, 0xcd, 0xd9, 0x53, 0x75, 0xb8, 0xcb,
    0xfb, 0x77, 0x4d, 0x10, 0x09, 0x12, 0x24, 0xe0, 0x3f, 0xcc, 0xe1, 0x66,
    0x30, 0x48, 0x09, 0x07, 0x92, 0x8c, 0xc8, 0x38, 0x81, 0xcc, 0xad, 0x27,
    0x2c, 0x3e, 0x9a, 0x11, 0x5f, 0xb5, 0x05, 0x99, 0x3b, 0x61, 0xb5, 0xae,
    0x17, 0xe2, 0x0d, 0xd3, 0xde, 0xeb, 0x1f, 0x55, 0xf6, 0x05, 0x3b, 0xf4,
    0x02, 0xe4, 0xca, 0xdc, 0xf2, 0xa6, 0xec, 0xfc, 0x7f, 0x12, 0x61, 0xac,
    0x8f, 0xf5, 0x0b, 0xc8, 0x33, 0xc7, 0xf8, 0x93, 0xce, 0x2a, 0xb9, 0x11,
    0x3e, 0x10, 0x16, 0xeb, 0x02, 0x3e, 0x1a, 0x7f, 0xef, 0xf9, 0x2d, 0xb1,
    0x31, 0xc5, 0x16, 0xe1, 0x3a, 0xf0, 0xf9, 0xd3, 0x0a, 0x1d, 0xe1, 0xdd,
    0x21, 0xde, 0xd1, 0x51, 0x17, 0x28, 0x0f, 0x1d, 0xce, 0xc8, 0x2f, 0x1d,
    0x54, 0x1f, 0xf6, 0xb8, 0x7f, 0x14, 0xe1, 0xea, 0x60, 0x34, 0x07, 0x50,
    0x1c, 0x10, 0x58, 0xdb, 0xd2, 0x93, 0x0c, 0x09, 0xe1, 0x45, 0x5b, 0x99,
    0xda, 0x29, 0xe8, 0x15, 0x2a, 0xc6, 0xe3, 0x37, 0x2e, 0xd2, 0xce, 0xdc,
    0x68, 0xf7, 0x10, 0xec, 0x01, 0x12, 0xdc, 0x0f, 0xf1, 0x20, 0xa8, 0xf6,
    0x0e, 0xc3, 0x15, 0xce, 0xe8, 0x02, 0x04, 0x51, 0x01, 0xf1, 0x1b, 0x5e,
    0x3e, 0xea, 0xe8, 0xe5, 0xbf, 0x00, 0xf5, 0xaf, 0x2d, 0x37, 0x7f, 0x21,
    0xbe, 0xcc, 0xf9, 0x0b, 0xc8, 0x32, 0x04, 0xca, 0xd8, 0xe2, 0xeb, 0xed,
    0xd5, 0x25, 0x0b, 0x16, 0x3f, 0xe8, 0x3c, 0xee, 0x1f, 0x33, 0x1d, 0x1b,
    0x36, 0x1a, 0xed, 0x7f, 0xf4, 0xfc, 0xab, 0x32, 0x5d, 0x2f, 0x46, 0xba,
    0x04, 0xea, 0xe5, 0x46, 0x19, 0xa7, 0x10, 0xea, 0xde, 0x32, 0x2a, 0xfd,
    0xea, 0x5a, 0xcb, 0x3d, 0xe3, 0x49, 0xc0, 0xf8, 0xde, 0x24, 0x03, 0x0d,
    0x85, 0xec, 0xf4, 0x17, 0x51, 0x3a, 0x08, 0x37, 0x0f, 0x0a, 0x2b, 0x7f,
    0xe9, 0x27, 0x47, 0x87, 0x1d, 0xcd, 0x1e, 0x35, 0x2f, 0x35, 0xe2, 0x5a,
    0x3c, 0x76, 0x1c, 0xfa, 0x0f, 0xf9, 0x00, 0x0d, 0xe0, 0x5a, 0x16, 0xf0,
    0x25, 0x25, 0x10, 0x1a, 0x25, 0x3c, 0xb2, 0xcc, 0x81, 0x22, 0xe3, 0xfe,
    0x32, 0x42, 0x14, 0xc4, 0x3c, 0xc1, 0x10, 0x00, 0x41, 0xd7, 0xf1, 0xe1,
    0xd7, 0x12, 0xae, 0x21, 0x08, 0x23, 0x2b, 0xdd, 0x3c, 0x8a, 0x15, 0xc4,
    0x3e, 0x66, 0xda, 0xc7, 0x81, 0x44, 0x7b, 0xb3, 0x5b, 0x51, 0xc3, 0xdd,
    0x86, 0xee, 0x18, 0x68, 0xea, 0x76, 0x6b, 0x9b, 0xe5, 0x90, 0x18, 0xe6,
    0x54, 0xe3, 0x50, 0x22, 0x1f, 0x0d, 0x88, 0x3a, 0xd7, 0xf0, 0x27, 0xdd,
    0x43, 0xc9, 0x31, 0xeb, 0xf4, 0xbc, 0x3f, 0xf9, 0x7f, 0xa1, 0x1c, 0xca,
    0xae, 0xd0, 0xd9, 0xf9, 0x1b, 0xdd, 0x5d, 0x59, 0x43, 0x01, 0xcb, 0x55,
    0xea, 0x39, 0xff, 0x45, 0x42, 0xef, 0xa6, 0xa7, 0x50, 0xd5, 0xfc, 0x5c,
    0x05, 0x26, 0xe1, 0xfb, 0x10, 0xf0, 0xc6, 0xb6, 0xaa, 0x3f, 0x0a, 0x27,
    0xe7, 0xfc, 0x28, 0xce, 0xf0, 0xd6, 0xc0, 0x7f, 0x31, 0x12, 0x09, 0x7d,
    0xed, 0xf9, 0x34, 0x07, 0x01, 0xf3, 0x32, 0xdf, 0xf3, 0xfe, 0x5b, 0x50,
    0xc8, 0x0f, 0xdd, 0x45, 0x26, 0xcd, 0xf8, 0xe3, 0xff, 0xda, 0x07, 0x1e,
    0x60, 0x27, 0x05, 0x55, 0x3b, 0x1a, 0xea, 0xc7, 0xdd, 0x25, 0xab, 0x34,
    0x81, 0x6b, 0x17, 0x3c, 0x12, 0x1a, 0xf6, 0xd3, 0x17, 0x82, 0xd6, 0xfb,
    0xfc, 0xd8, 0x06, 0x29, 0xe4, 0x07, 0xd1, 0xde, 0x3a, 0xe1, 0xd0, 0x04,
    0xf9, 0x60, 0xa5, 0xe2, 0x29, 0x06, 0x10, 0xb6, 0xf2, 0x01, 0x43, 0x7f,
    0xfc, 0x4e, 0x01, 0x0e, 0x16, 0xae, 0xeb, 0xe0, 0x28, 0xb0, 0xee, 0xde,
    0x2c, 0x3d, 0xec, 0x32, 0xbd, 0x24, 0xa4, 0xeb, 0xa9, 0xf9, 0x00, 0xd3,
    0x11, 0x61, 0x05, 0x55, 0x34, 0x27, 0xb4, 0x33, 0xf1, 0x21, 0xca, 0xfd,
    0x05, 0xa0, 0x42, 0xdb, 0x33, 0xd6, 0x27, 0xf6, 0x55, 0xf7, 0x3a, 0xed,
    0x27, 0xf9, 0xab, 0x39, 0xc4, 0xde, 0x40, 0x2a, 0x17, 0x7f, 0x53, 0xe6,
    0x30, 0x20, 0x97, 0xed, 0x26, 0x1f, 0x2b, 0x0c, 0x6f, 0xe7, 0x10, 0xed,
    0x57, 0x2d, 0xfd, 0x04, 0x7f, 0xa9, 0x0b, 0xb8, 0xfd, 0x1c, 0xeb, 0x3e,
    0x46, 0x12, 0x54, 0x35, 0x4d, 0x35, 0xd1, 0xb9, 0xa2, 0x1e, 0xed, 0x44,
    0x0f, 0x0e, 0xf6, 0x8b, 0xde, 0x05, 0xb8, 0x6b, 0x15, 0xe6, 0xf8, 0xa7,
    0x32, 0xc9, 0x16, 0xf8, 0x30, 0x32, 0xda, 0x13, 0x18, 0xb1, 0xe7, 0xda,
    0x11, 0xbf, 0xd8, 0x07, 0xfe, 0xe5, 0x07, 0x3c, 0x2d, 0x05, 0x29, 0x14,
    0x02, 0xd7, 0x0c, 0xe4, 0x7f, 0x16, 0x23, 0xdd, 0xd1, 0xf4, 0x18, 0xcb,
    0x19, 0x9b, 0x45, 0xf5, 0x42, 0xd6, 0xee, 0x1a, 0xcb, 0xdb, 0x58, 0xe1,
    0x1c, 0x93, 0x0a, 0x1e, 0x23, 0xee, 0x01, 0xdf, 0xdb, 0xc4, 0x5a, 0xfb,
    0xf4, 0x32, 0x24, 0x9a, 0xd6, 0xc4, 0x09, 0x1f, 0x2b, 0x0f, 0xab, 0x81,
    0xce, 0x39, 0x07, 0x3c, 0x36, 0xa1, 0x37, 0x05, 0x22, 0x17, 0xbc, 0x17,
    0x1c, 0xfb, 0xcc, 0x10, 0xf3, 0xe0, 0x14, 0x06, 0xa7, 0x17, 0x0e, 0xf9,
    0x28, 0x1c, 0x46, 0xcf, 0xcb, 0xf3, 0x24, 0x46, 0x06, 0x32, 0x7f, 0x3d,
    0xd0, 0x2f, 0x42, 0xf9, 0x23, 0x2b, 0xd3, 0x3b, 0xce, 0x34, 0x14, 0x0b,
    0x0b, 0x67, 0xac, 0xc9, 0x8d, 0x49, 0xe5, 0xf8, 0x36, 0xe6, 0xeb, 0x0d,
    0xd6, 0x1f, 0x53, 0x29, 0x50, 0x06, 0xef, 0xe4, 0xd4, 0x08, 0xe2, 0x35,
    0x40, 0xcf, 0x7f, 0xc6, 0xb7, 0xcb, 0xea, 0x26, 0x12, 0xf7, 0x40, 0xbb,
    0x33, 0x20, 0xbd, 0x25, 0x08, 0x99, 0x1a, 0x0c, 0xe3, 0x7b, 0xc8, 0xf1,
    0xc4, 0xbe, 0x66, 0x2e, 0xfd, 0xd7, 0x27, 0x5b, 0xd0, 0x41, 0xf4, 0x79,
    0x54, 0xac, 0xeb, 0x1c, 0x1e, 0xfa, 0x3b, 0xa6, 0x16, 0x4c, 0x17, 0x0d,
    0x0a, 0x81, 0xd0, 0xdb, 0x99, 0x5b, 0x27, 0xa5, 0xc6, 0xae, 0x1c, 0xb3,
    0x0a, 0x59, 0x60, 0xb6, 0xf2, 0xfb, 0x0b, 0xa4, 0xd8, 0x7f, 0x28, 0x05,
    0x28, 0x13, 0xba, 0xfa, 0x0e, 0xde, 0xfa, 0x49, 0x48, 0x7a, 0x31, 0x34,
    0xc7, 0xcc, 0xd7, 0x6e, 0xbd, 0xf9, 0x92, 0xf3, 0x08, 0x59, 0x61, 0xef,
    0x15, 0xfb, 0x09, 0x20, 0xc9, 0x41, 0xda, 0x37, 0xf5, 0x00, 0x47, 0x1a,
    0xc9, 0xe5, 0x82, 0x6e, 0xf5, 0xb5, 0xd7, 0x7f, 0x09, 0x16, 0xbd, 0xc2,
    0x54, 0xb3, 0x2c, 0xc4, 0xbe, 0xb8, 0xc2, 0x01, 0xe6, 0xf6, 0xf7, 0xfe,
    0x48, 0x30, 0x47, 0xf7, 0x0d, 0xfe, 0xf6, 0x24, 0xe1, 0x13, 0xd8, 0x25,
    0xd0, 0xee, 0x23, 0x7f, 0xf0, 0xd5, 0xbd, 0xca, 0xf7, 0xc6, 0x42, 0xcf,
    0xbb, 0x27, 0xd3, 0xcc, 0xad, 0x40, 0x2c, 0xca, 0xae, 0xf0, 0x8f, 0x41,
    0x35, 0x7d, 0x24, 0x2f, 0xed, 0xca, 0x02, 0x2d, 0x4b, 0x6d, 0xf6, 0x04,
    0x02, 0xeb, 0xf5, 0x08, 0x20, 0x07, 0xdd, 0x3c, 0xc5, 0xcf, 0x22, 0x51,
    0xf0, 0x14, 0x40, 0xff, 0xeb, 0x2e, 0x0d, 0x0e, 0xb6, 0x30, 0x44, 0x18,
    0xdc, 0xe3, 0xd2, 0x2a, 0x2e, 0x7f, 0xf2, 0x24, 0x12, 0x1c, 0xb8, 0x1b,
    0xdf, 0x06, 0xdf, 0xad, 0xd8, 0x66, 0x01, 0x38, 0xef, 0x27, 0x21, 0x1e,
    0xfb, 0x44, 0x1c, 0x7f, 0xc3, 0xf5, 0x02, 0x25, 0xdb, 0x00, 0x46, 0x2c,
    0x0c, 0xf3, 0x26, 0x9d, 0x47, 0xca, 0xe2, 0x17, 0xc8, 0x26, 0xbe, 0xbd,
    0xb3, 0x2a, 0x7b, 0xcf, 0x7d, 0xf0, 0x97, 0xf5, 0x0b, 0x71, 0xe7, 0xa2,
    0x48, 0x8d, 0x62, 0xb1, 0x06, 0x18, 0x2f, 0x26, 0x4f, 0x4f, 0x7f, 0x91,
    0x0e, 0x12, 0x71, 0xea, 0xe5, 0xa1, 0xc2, 0xd9, 0x76, 0x44, 0xdb, 0xb1,
    0xf6, 0xdd, 0xa0, 0xf1, 0xd8, 0x8d, 0xd8, 0xc0, 0x61, 0xcc, 0xce, 0x4e,
    0xc7, 0x98, 0xf4, 0x5d, 0x29, 0xec, 0xf0, 0xbe, 0x02, 0x51, 0x10, 0xfd,
    0x40, 0xf1, 0x41, 0xee, 0x0f, 0xcb, 0x19, 0xee, 0xff, 0x1e, 0x26, 0x4d,
    0x3d, 0xd2, 0xc3, 0x20, 0x05, 0xe8, 0x81, 0xe7, 0x64, 0xda, 0xd8, 0x36,
    0xef, 0xd1, 0x34, 0xb1, 0x29, 0x04, 0x52, 0x24, 0x52, 0xad, 0x44, 0xbc,
    0xce, 0x52, 0x4e, 0xfc, 0x77, 0x8d, 0x24, 0x2e, 0x23, 0xf6, 0xfe, 0x58,
    0xe0, 0xf0, 0x64, 0x2c, 0x53, 0x7f, 0x8d, 0xa1, 0xae, 0x2d, 0x91, 0xe9,
    0x43, 0x03, 0x5d, 0x07, 0x25, 0xea, 0x4c, 0xc1, 0x4a, 0x11, 0x3c, 0x15,
    0x37, 0x2e, 0x29, 0x22, 0x2e, 0xf4, 0xac, 0xce, 0xd4, 0xd0, 0x35, 0x0e,
    0xdf, 0x6e, 0x21, 0xc4, 0xda, 0x97, 0x1e, 0x14, 0xf1, 0xce, 0xd3, 0x36,
    0x12, 0x0a, 0x02, 0x81, 0x44, 0xcb, 0xc0, 0x1d, 0xa3, 0x44, 0x39, 0xb7,
    0xc6, 0x7f, 0xf8, 0xe7, 0xf2, 0x20, 0xdd, 0xeb, 0xaa, 0x21, 0x56, 0x04,
    0x17, 0x1f, 0xe5, 0x5e, 0xc8, 0xcc, 0xd5, 0x4f, 0x4a, 0xe4, 0x52, 0xad,
    0x0d, 0x12, 0xff, 0x0f, 0x0a, 0xdf, 0x32, 0xd8, 0xe4, 0xe4, 0x50, 0xc7,
    0x6e, 0xf0, 0xff, 0xff, 0x04, 0x00, 0x00, 0x00, 0x00, 0x01, 0x00, 0x00,
    0x5c, 0x08, 0x00, 0x00, 0xa2, 0xf8, 0xff, 0xff, 0x57, 0x24, 0x00, 0x00,
    0x6c, 0xf8, 0xff, 0xff, 0x32, 0xfb, 0xff, 0xff, 0xe7, 0xf8, 0xff, 0xff,
    0xb5, 0xf6, 0xff, 0xff, 0x8a, 0x04, 0x00, 0x00, 0xf9, 0xf1, 0xff, 0xff,
    0x39, 0x08, 0x00, 0x00, 0x88, 0x1b, 0x00, 0x00, 0xf3, 0xfc, 0xff, 0xff,
    0xf8, 0xf4, 0xff, 0xff, 0x86, 0x0f, 0x00, 0x00, 0x35, 0xff, 0xff, 0xff,
    0x58, 0xf7, 0xff, 0xff, 0x34, 0x00, 0x00, 0x00, 0x31, 0x02, 0x00, 0x00,
    0x4e, 0xf2, 0xff, 0xff, 0x91, 0xec, 0xff, 0xff, 0x8f, 0xf1, 0xff, 0xff,
    0x59, 0xfe, 0xff, 0xff, 0x86, 0xda, 0xff, 0xff, 0xee, 0xf5, 0xff, 0xff,
    0x39, 0xff, 0xff, 0xff, 0x26, 0x06, 0x00, 0x00, 0xcd, 0xfc, 0xff, 0xff,
    0x8f, 0xfa, 0xff, 0xff, 0x92, 0xff, 0xff, 0xff, 0x8e, 0x07, 0x00, 0x00,
    0x7f, 0xef, 0xff, 0xff, 0x73, 0xea, 0xff, 0xff, 0x9c, 0x01, 0x00, 0x00,
    0x07, 0x03, 0x00, 0x00, 0xb3, 0x30, 0x00, 0x00, 0xeb, 0xeb, 0xff, 0xff,
    0x16, 0x02, 0x00, 0x00, 0x14, 0x04, 0x00, 0x00, 0xe9, 0xf1, 0xff, 0xff,
    0x62, 0x01, 0x00, 0x00, 0xf2, 0x05, 0x00, 0x00, 0x9f, 0xf8, 0xff, 0xff,
    0xd1, 0xf8, 0xff, 0xff, 0xba, 0xf9, 0xff, 0xff, 0x7f, 0xf8, 0xff, 0xff,
    0x7e, 0xf1, 0xff, 0xff, 0x2f, 0xff, 0xff, 0xff, 0xe8, 0xfe, 0xff, 0xff,
    0x8a, 0xfb, 0xff, 0xff, 0xe1, 0xf1, 0xff, 0xff, 0x76, 0xf4, 0xff, 0xff,
    0x9e, 0x05, 0x00, 0x00, 0x92, 0xfd, 0xff, 0xff, 0xaf, 0xf0, 0xff, 0xff,
    0x6c, 0x24, 0x00, 0x00, 0xb0, 0xef, 0xff, 0xff, 0x80, 0xfb, 0xff, 0xff,
    0x8b, 0xfa, 0xff, 0xff, 0x0a, 0xf6, 0xff, 0xff, 0xdb, 0xfe, 0xff, 0xff,
    0xbe, 0x20, 0x00, 0x00, 0xa9, 0x03, 0x00, 0x00, 0x01, 0xf7, 0xff, 0xff,
    0x5c, 0xf6, 0xff, 0xff, 0x7a, 0xf1, 0xff, 0xff, 0x04, 0x00, 0x00, 0x00,
    0x00, 0x0c, 0x00, 0x00, 0xc2, 0x1d, 0x43, 0x7f, 0xee, 0x92, 0xae, 0xea,
    0xa0, 0x12, 0xf5, 0x1d, 0x2f, 0x22, 0xbc, 0x3e, 0xd3, 0x55, 0x24, 0xca,
    0x20, 0x2c, 0x04, 0xb1, 0x29, 0xd9, 0x56, 0xc9, 0x51, 0x29, 0xea, 0x43,
    0x01, 0xc4, 0xb7, 0xe3, 0x3b, 0x3e, 0xbf, 0xcd, 0xd2, 0xd7, 0xae, 0x34,
    0xdf, 0xc9, 0xbb, 0x68, 0x31, 0x0b, 0x7e, 0x01, 0xec, 0xf5, 0x08, 0x2e,
    0xd8, 0xa9, 0xab, 0x2c, 0xf5, 0x50, 0xf0, 0x40, 0xf8, 0xdf, 0xff, 0xdb,
    0x13, 0x0b, 0x1c, 0xaa, 0x1f, 0xdc, 0xb4, 0xf8, 0x17, 0xe0, 0x30, 0xf1,
    0xc4, 0x31, 0x18, 0x01, 0x3c, 0x91, 0x1d, 0xd0, 0x91, 0xb9, 0x06, 0x25,
    0x11, 0x26, 0x90, 0xcb, 0x1d, 0x1c, 0x19, 0x0b, 0x9d, 0x35, 0x3d, 0xcf,
    0xec, 0xda, 0x06, 0xad, 0x56, 0x01, 0x4e, 0x02, 0xae, 0xac, 0x31, 0x8c,
    0x40, 0x99, 0xea, 0xec, 0xc5, 0xb0, 0xa3, 0x50, 0x81, 0x25, 0x0e, 0x59,
    0x0a, 0x12, 0xcf, 0xb0, 0x0b, 0xf7, 0x54, 0x95, 0x5b, 0x93, 0xbe, 0xca,
    0x09, 0xf7, 0x91, 0x45, 0x0d, 0x53, 0x06, 0x93, 0xd3, 0xf0, 0x07, 0xf9,
    0x02, 0x69, 0xfc, 0x2a, 0x21, 0xd1, 0xa5, 0xf5, 0x91, 0x6b, 0xca, 0xae,
    0x21, 0xe2, 0xf4, 0x1c, 0xe4, 0x0c, 0x9a, 0xfe, 0xa7, 0x00, 0x6b, 0x81,
    0x0c, 0x55, 0xa4, 0xf6, 0xb9, 0xc6, 0xc6, 0xb6, 0xc3, 0x5d, 0x9f, 0x6f,
    0x87, 0xc5, 0x3c, 0xff, 0x6f, 0xd1, 0xeb, 0x6e, 0x06, 0xe6, 0x38, 0xce,
    0x31, 0xfa, 0xe5, 0x0c, 0x53, 0x28, 0xce, 0x46, 0xd8, 0x26, 0x38, 0xb2,
    0x40, 0x40, 0xb7, 0xc9, 0xec, 0x98, 0xf2, 0xf0, 0xe3, 0xdb, 0xfb, 0x3d,
    0xa7, 0xe7, 0xf0, 0x44, 0x8b, 0xcf, 0x29, 0xc8, 0xb3, 0xd5, 0x49, 0x28,
    0xf5, 0x72, 0x17, 0x17, 0xdb, 0x54, 0x62, 0x25, 0xa5, 0xef, 0x27, 0x04,
    0x32, 0xa8, 0xf5, 0x7f, 0x29, 0xe7, 0xea, 0x9e, 0x10, 0x2f, 0x53, 0x05,
    0x9e, 0x0e, 0xf3, 0x66, 0x1d, 0x02, 0x49, 0x08, 0xe5, 0x1e, 0x6a, 0xe9,
    0xd3, 0x13, 0xbf, 0x1f, 0x31, 0xab, 0x81, 0xc1, 0x33, 0xdf, 0xb0, 0x5e,
    0x9d, 0x71, 0xee, 0x27, 0x2d, 0xeb, 0x46, 0x0f, 0xf0, 0x4a, 0xa8, 0xd9,
    0x08, 0xf6, 0xab, 0x2a, 0x03, 0x2d, 0x2b, 0x37, 0xd1, 0xa9, 0xf4, 0x7b,
    0xad, 0x96, 0xff, 0xb0, 0x18, 0x50, 0xb0, 0xfb, 0x02, 0xbf, 0xba, 0x06,
    0x54, 0xc1, 0x3e, 0xfe, 0xcc, 0xc4, 0x12, 0xf4, 0xb5, 0x19, 0x36, 0x0a,
    0xaa, 0xe0, 0x69, 0xf2, 0x78, 0x36, 0x77, 0x4e, 0x6c, 0x23, 0xe0, 0x43,
    0x81, 0xad, 0xd7, 0x53, 0x5e, 0x2f, 0x60, 0xc9, 0xbd, 0xbc, 0xfb, 0xd0,
    0x30, 0x39, 0x3a, 0x0a, 0xc5, 0x3e, 0x07, 0xfc, 0x07, 0x30, 0x4c, 0x1b,
    0xf0, 0xe5, 0x88, 0xdf, 0x76, 0xff, 0x14, 0x36, 0x02, 0x63, 0x01, 0xf7,
    0xf2, 0x9d, 0xee, 0x57, 0x51, 0xbb, 0x19, 0xa1, 0x7f, 0xee, 0x09, 0x46,
    0x1d, 0xf0, 0xc5, 0xbf, 0xfc, 0x33, 0xbe, 0xee, 0xa7, 0x00, 0xb4, 0xb2,
    0xf8, 0x52, 0x3c, 0xb3, 0xf0, 0xde, 0xae, 0x04, 0xeb, 0xad, 0x01, 0xcf,
    0x34, 0x73, 0xd3, 0xa7, 0xe3, 0x34, 0x97, 0xae, 0xd6, 0xcf, 0x01, 0x23,
    0x5c, 0xf7, 0x6a, 0x98, 0x1e, 0x5e, 0xcb, 0xf4, 0x6a, 0xb0, 0x4a, 0xcc,
    0x76, 0x1f, 0xa0, 0xa3, 0x21, 0x4e, 0x1f, 0x5b, 0x0e, 0x2e, 0xe5, 0xf2,
    0x5d, 0x3f, 0x4c, 0x14, 0x07, 0x39, 0x46, 0x63, 0xc2, 0x11, 0x38, 0x0b,
    0xfd, 0x0a, 0xf4, 0xda, 0xa6, 0xbf, 0xb5, 0xed, 0xcc, 0x5e, 0x5d, 0xb9,
    0x0c, 0x6d, 0xbc, 0xa9, 0x40, 0xeb, 0xbc, 0xab, 0x4f, 0xed, 0x96, 0x9b,
    0x0f, 0xd1, 0xe8, 0x17, 0x37, 0xb5, 0x7f, 0xd2, 0xd2, 0xd2, 0x1d, 0x04,
    0x22, 0xa2, 0x42, 0xb5, 0x37, 0x49, 0xc8, 0x3a, 0x52, 0xce, 0x30, 0x10,
    0x17, 0xa6, 0xe6, 0xdd, 0xa3, 0x68, 0xc9, 0x88, 0xd0, 0xf3, 0xa8, 0x2e,
    0xa4, 0x4b, 0x5c, 0x16, 0x66, 0x07, 0x62, 0x24, 0x43, 0x99, 0xcc, 0x87,
    0x3d, 0x5c, 0xec, 0xa0, 0xff, 0xc3, 0xb1, 0x81, 0x33, 0x49, 0x8a, 0x35,
    0x01, 0x5d, 0xe5, 0xfc, 0x08, 0x93, 0x83, 0x68, 0x5c, 0x35, 0xdf, 0x0a,
    0xea, 0xb0, 0xcb, 0xc8, 0x3b, 0x83, 0xf3, 0x98, 0xd8, 0x2b, 0x3d, 0xb3,
    0xa0, 0xf8, 0x29, 0xe2, 0xc2, 0x52, 0xcc, 0x00, 0xbf, 0xc9, 0x5d, 0x4e,
    0xcc, 0xcb, 0xcd, 0x41, 0xc4, 0xe9, 0x6e, 0x48, 0x12, 0x42, 0xb9, 0x14,
    0x9d, 0x2e, 0x13, 0x5c, 0x7b, 0x59, 0x21, 0xfc, 0xc7, 0xf8, 0x44, 0x36,
    0x21, 0x36, 0x97, 0xb7, 0x5c, 0x01, 0xee, 0x1d, 0x43, 0x9e, 0xae, 0xc3,
    0x47, 0xbb, 0x6c, 0xeb, 0x2e, 0xf5, 0xbc, 0x4e, 0x7f, 0xc3, 0x03, 0xd1,
    0x72, 0x05, 0xb4, 0x35, 0xfd, 0x2e, 0xf6, 0xb9, 0x99, 0x96, 0xb0, 0x8c,
    0x11, 0x6c, 0xfb, 0xb2, 0x0a, 0x9a, 0x49, 0x74, 0x06, 0x4d, 0xd4, 0x52,
    0xf8, 0xc0, 0xfc, 0x3e, 0xac, 0x1a, 0x2a, 0xce, 0xd8, 0x0e, 0xdb, 0x99,
    0x53, 0x97, 0x48, 0xa6, 0x91, 0xee, 0xd6, 0xa8, 0xde, 0xc0, 0x79, 0x2e,
    0xe9, 0x3b, 0xd5, 0xa9, 0xe6, 0x81, 0x43, 0x33, 0x07, 0x64, 0xb8, 0x49,
    0x77, 0x9a, 0xdb, 0xb0, 0x9a, 0xda, 0x42, 0x3b, 0x3e, 0xe9, 0x5f, 0xa5,
    0x45, 0x01, 0x1f, 0xdc, 0xc9, 0x2d, 0xf5, 0xdc, 0xe8, 0x08, 0xbc, 0xf8,
    0x1f, 0xf9, 0x23, 0xfe, 0xcf, 0xe5, 0x08, 0x4e, 0xfe, 0xc2, 0x16, 0xc4,
    0x23, 0xa8, 0xf1, 0xc5, 0xb2, 0xdd, 0x03, 0x5e, 0xaa, 0x19, 0x0d, 0x7f,
    0x2c, 0xe9, 0x50, 0x3a, 0x32, 0xe1, 0xc3, 0x25, 0x7b, 0x52, 0xc3, 0x1b,
    0xf7, 0x4b, 0x8e, 0x48, 0x5e, 0x3c, 0x2a, 0xde, 0xbd, 0x4d, 0x3c, 0x5c,
    0x4d, 0x45, 0x27, 0x68, 0x81, 0x63, 0xbf, 0x60, 0x20, 0x13, 0x91, 0xd7,
    0xc4, 0x9a, 0xd6, 0xc3, 0xa3, 0x8e, 0xe5, 0x0c, 0x8c, 0x5e, 0xc7, 0xc6,
    0xa8, 0x3f, 0xaa, 0x59, 0xc9, 0x5e, 0x1b, 0xc3, 0xc3, 0xea, 0xfc, 0x89,
    0x9f, 0xa3, 0x61, 0xb9, 0xf0, 0x37, 0xb8, 0x4c, 0xd9, 0xb7, 0x99, 0x3b,
    0x81, 0x69, 0x00, 0xee, 0x37, 0xb5, 0x0e, 0x60, 0xd9, 0x45, 0xb7, 0x55,
    0x91, 0x20, 0x1f, 0x4d, 0x2f, 0x45, 0xac, 0xe2, 0xe4, 0xb7, 0x06, 0xef,
    0x7f, 0xf4, 0x04, 0x6d, 0xfc, 0xfc, 0xc4, 0xc6, 0xd5, 0xaa, 0x2a, 0xe4,
    0x74, 0xfc, 0x18, 0xf6, 0xed, 0xac, 0xda, 0x57, 0x59, 0x3c, 0x5f, 0x10,
    0x09, 0xe2, 0xb0, 0x1c, 0xf7, 0xe4, 0xd5, 0xb0, 0x77, 0x5f, 0x87, 0xb6,
    0x38, 0x14, 0xc4, 0xb9, 0xb8, 0xea, 0x5c, 0xc3, 0xac, 0xdf, 0x50, 0x55,
    0xd3, 0xe9, 0xf9, 0xba, 0x26, 0x54, 0x46, 0x24, 0x32, 0x2e, 0x4c, 0x17,
    0xba, 0x6c, 0x6d, 0xae, 0x4f, 0x5a, 0x97, 0xdd, 0x78, 0xc3, 0x12, 0x3f,
    0x09, 0x9a, 0x4a, 0xd3, 0x06, 0xb1, 0xdb, 0xdd, 0x2a, 0x99, 0x09, 0x3e,
    0xf3, 0xe5, 0x9d, 0x41, 0x7a, 0x9d, 0x3a, 0x00, 0xb1, 0x0e, 0x6b, 0x5d,
    0xde, 0x4c, 0x98, 0x47, 0x00, 0x2a, 0x16, 0xab, 0xf1, 0x28, 0x3c, 0x81,
    0x02, 0xb6, 0x5b, 0xbc, 0x82, 0xb9, 0x39, 0x06, 0x0f, 0xbb, 0xed, 0x63,
    0x18, 0x47, 0x71, 0x1a, 0x10, 0xdf, 0x30, 0xb4, 0x09, 0xcb, 0x3c, 0xe2,
    0xd5, 0xb0, 0x0a, 0x4a, 0x08, 0xf2, 0xcd, 0xd4, 0xae, 0x39, 0x56, 0x33,
    0xf1, 0xa4, 0xa9, 0xe7, 0xfb, 0x26, 0x0b, 0xbd, 0x57, 0xd6, 0xb7, 0xae,
    0x27, 0x49, 0x0d, 0xbc, 0x58, 0x53, 0x8b, 0xf2, 0x8f, 0x26, 0xe5, 0xff,
    0xc6, 0x05, 0x00, 0xb5, 0x93, 0x13, 0x45, 0xbd, 0xd5, 0x81, 0x24, 0x17,
    0x4d, 0x4d, 0x03, 0x22, 0x46, 0xda, 0x56, 0x84, 0x05, 0x37, 0x31, 0x81,
    0x6c, 0x96, 0x9c, 0x00, 0x64, 0x09, 0x0b, 0x90, 0xd0, 0xb3, 0x56, 0x38,
    0x90, 0x61, 0xd7, 0x19, 0x56, 0x51, 0xcc, 0xdd, 0xa0, 0xd9, 0xf2, 0xb3,
    0x9c, 0xd6, 0x31, 0xf0, 0xcc, 0x4f, 0x03, 0x4a, 0x51, 0x29, 0x45, 0xef,
    0x15, 0xf1, 0xbc, 0x9c, 0x89, 0x96, 0x95, 0x2c, 0xbd, 0x30, 0x94, 0x3a,
    0xf8, 0x29, 0x2d, 0xd1, 0x09, 0xbf, 0xbf, 0x59, 0x3c, 0xa1, 0x8e, 0x1e,
    0xd2, 0xb5, 0xfb, 0xd4, 0x11, 0x34, 0xeb, 0xbe, 0x5b, 0x17, 0xdd, 0x00,
    0x22, 0x3a, 0xdd, 0x29, 0x62, 0x0b, 0x77, 0x72, 0x37, 0x00, 0xec, 0xf4,
    0xd8, 0xc8, 0x1f, 0x1e, 0x5a, 0xa1, 0xef, 0x3a, 0x96, 0xe0, 0x1a, 0xc0,
    0x22, 0xe6, 0xec, 0xfd, 0x56, 0x09, 0x35, 0xa2, 0x58, 0x2c, 0x0d, 0xc8,
    0x23, 0xe7, 0xb6, 0xe1, 0x05, 0x2e, 0x63, 0xf3, 0x46, 0x3a, 0x7f, 0xf7,
    0x38, 0xff, 0x68, 0x57, 0x44, 0x33, 0x1c, 0xbe, 0xe4, 0x46, 0x0d, 0x05,
    0x14, 0x00, 0x24, 0x14, 0xb4, 0xe0, 0xf1, 0xa5, 0xbb, 0x50, 0xdb, 0xee,
    0x9d, 0xc6, 0xbb, 0x2a, 0x50, 0x08, 0xec, 0xcc, 0xee, 0x3b, 0xdd, 0xdd,
    0x1c, 0xe3, 0x2c, 0x8e, 0x08, 0x39, 0xf6, 0xa9, 0x9e, 0xe1, 0x21, 0xbf,
    0x81, 0x29, 0xfc, 0xf4, 0xd6, 0xd1, 0x0c, 0x22, 0xd9, 0x02, 0x0d, 0xb3,
    0x2f, 0x47, 0x27, 0x24, 0xe8, 0x13, 0x59, 0xda, 0xdd, 0xef, 0x5a, 0xa2,
    0xff, 0x45, 0x73, 0xa4, 0x5f, 0xf5, 0x5a, 0x3d, 0x52, 0xf3, 0x5c, 0xcf,
    0x2d, 0x9c, 0xef, 0x7f, 0x0e, 0xb2, 0x1e, 0x40, 0x18, 0x9f, 0x34, 0x21,
    0x07, 0xe4, 0xaf, 0x4d, 0xa9, 0xc7, 0x75, 0xaf, 0x5c, 0xdf, 0x2a, 0xcd,
    0x2b, 0x14, 0x6a, 0x88, 0x53, 0x69, 0x60, 0xfd, 0x1f, 0x55, 0x96, 0xdc,
    0x7a, 0xfb, 0xd4, 0x56, 0x69, 0xb9, 0x31, 0xbb, 0x25, 0x0c, 0xed, 0x7b,
    0x0f, 0x97, 0x3a, 0x2a, 0xd8, 0x4b, 0x05, 0xd2, 0xce, 0xce, 0x3f, 0x16,
    0x01, 0x4e, 0xe6, 0x40, 0x3a, 0x89, 0x14, 0x13, 0x7f, 0xc3, 0x61, 0xcf,
    0xf2, 0xbe, 0xa4, 0xd6, 0xf0, 0x9c, 0xde, 0xdd, 0x85, 0xf6, 0x54, 0x6f,
    0x8a, 0x47, 0x02, 0xc9, 0xc5, 0x16, 0x3b, 0xca, 0x45, 0x41, 0x0f, 0xe2,
    0x35, 0x5b, 0x0a, 0x0a, 0xe7, 0x51, 0xeb, 0x58, 0x9c, 0xbc, 0xf6, 0x27,
    0xe2, 0x97, 0x31, 0x38, 0x81, 0x89, 0xe4, 0xad, 0x08, 0xdf, 0xe2, 0xaf,
    0x17, 0x2b, 0x0c, 0xf5, 0xf2, 0x10, 0xc0, 0xd8, 0xe9, 0x08, 0xd6, 0xb2,
    0x2b, 0x44, 0x6e, 0xcd, 0xf8, 0x26, 0xdc, 0xcd, 0x6c, 0xbd, 0xf7, 0x9d,
    0x28, 0x22, 0xff, 0x02, 0x47, 0xfb, 0x08, 0x48, 0xd2, 0xbd, 0x09, 0xf5,
    0x1b, 0x54, 0x2a, 0xf2, 0x01, 0x44, 0x36, 0x85, 0xfb, 0xbe, 0xc2, 0xab,
    0xc8, 0xb4, 0xac, 0x5f, 0x69, 0xce, 0xd4, 0x0d, 0x1d, 0x6a, 0xe6, 0x63,
    0xf4, 0xf7, 0xc4, 0x0c, 0xcc, 0x48, 0x3d, 0x26, 0xf4, 0xf1, 0xa4, 0xdc,
    0xd4, 0x0e, 0x39, 0x9c, 0x81, 0xea, 0xbd, 0xc9, 0x69, 0x44, 0x32, 0x0b,
    0xc8, 0x1a, 0xa1, 0xf3, 0x28, 0x47, 0xcd, 0xe3, 0x2a, 0x56, 0xa2, 0xa5,
    0xee, 0xfe, 0x2a, 0x3d, 0xa5, 0xe6, 0x54, 0xca, 0xd8, 0x21, 0x4f, 0x07,
    0xef, 0xd0, 0x05, 0xad, 0xda, 0xe6, 0xef, 0x65, 0x36, 0x40, 0xdc, 0xbc,
    0xf3, 0xe7, 0x82, 0x59, 0x05, 0x8e, 0x9a, 0x25, 0xe8, 0xa4, 0x44, 0x61,
    0x3d, 0x0b, 0xcf, 0xd6, 0xc0, 0xa4, 0x19, 0xfb, 0x8d, 0x59, 0x00, 0xb4,
    0x5d, 0x3d, 0xd2, 0x68, 0x08, 0xba, 0x4f, 0x8e, 0xee, 0x81, 0x9b, 0xc7,
    0x0c, 0xae, 0xb9, 0x97, 0x8f, 0xf2, 0x49, 0x3a, 0xb9, 0x1d, 0x2d, 0xa6,
    0x83, 0x0c, 0xc0, 0x5e, 0x14, 0x00, 0xd8, 0x1c, 0xad, 0xdb, 0x35, 0xd3,
    0x19, 0x98, 0xbc, 0x5b, 0xea, 0x89, 0x49, 0x20, 0x9c, 0xa3, 0x6c, 0xeb,
    0x9d, 0x6a, 0xc7, 0x37, 0xab, 0xe9, 0xcc, 0x96, 0x9c, 0x35, 0xc6, 0xcc,
    0x39, 0x0a, 0xc0, 0x1b, 0x84, 0x60, 0x16, 0x45, 0x15, 0x90, 0x15, 0x82,
    0x12, 0x02, 0xc3, 0x0b, 0xd4, 0x2f, 0xb1, 0x81, 0xe0, 0xe6, 0x25, 0x03,
    0x40, 0xd2, 0xb9, 0x40, 0x68, 0xbd, 0x15, 0x14, 0x50, 0x19, 0x19, 0x01,
    0xda, 0xc7, 0x4b, 0x85, 0xa0, 0x32, 0xbc, 0x21, 0x3d, 0xec, 0x02, 0xed,
    0x17, 0xf4, 0x47, 0xed, 0x14, 0xfd, 0x04, 0x33, 0x9d, 0x2a, 0xbf, 0xe3,
    0xd8, 0xfb, 0x34, 0xd5, 0xa6, 0xc2, 0xf0, 0x08, 0x29, 0xfa, 0x49, 0xe9,
    0xed, 0x28, 0x81, 0xb1, 0xda, 0xdc, 0xfa, 0xbf, 0x5a, 0x3b, 0xe1, 0xe1,
    0xca, 0x1e, 0x22, 0xc4, 0xfb, 0x37, 0x1c, 0xf7, 0xb9, 0xb9, 0xe9, 0xcb,
    0xdc, 0xeb, 0xdd, 0xe8, 0x07, 0x2a, 0xf9, 0x1f, 0xf0, 0xd9, 0x39, 0x9d,
    0xff, 0xb9, 0x0a, 0xcb, 0x5e, 0x24, 0x57, 0xe6, 0xf8, 0x54, 0x89, 0x68,
    0x92, 0x5a, 0x12, 0xb0, 0xd6, 0x17, 0xc6, 0xf6, 0x4f, 0xe5, 0x78, 0x0f,
    0x81, 0x9c, 0xcc, 0x03, 0xd8, 0x3f, 0xdc, 0x83, 0x66, 0x41, 0x35, 0x81,
    0xbb, 0xd7, 0x17, 0x81, 0x3d, 0x40, 0xf5, 0x08, 0x91, 0xe2, 0x66, 0x7a,
    0x6e, 0x55, 0xeb, 0xbf, 0xa3, 0x84, 0xb6, 0x9e, 0x95, 0xc5, 0x25, 0x81,
    0x02, 0x20, 0x9c, 0x62, 0x3e, 0x03, 0xff, 0x02, 0x9f, 0xe1, 0x96, 0x1d,
    0x43, 0x09, 0xdd, 0x0e, 0x52, 0x23, 0x83, 0x35, 0x09, 0xc0, 0x1f, 0xb9,
    0xbe, 0x3a, 0xc1, 0x94, 0x5e, 0xe4, 0x03, 0x3c, 0x41, 0x4d, 0xcb, 0x05,
    0xd9, 0x12, 0xb4, 0x15, 0xc7, 0x36, 0x36, 0xa1, 0xab, 0xea, 0xc2, 0x35,
    0xfb, 0xc0, 0xfa, 0x02, 0x31, 0x60, 0x7f, 0x66, 0x06, 0x04, 0xf7, 0xa9,
    0xa3, 0x17, 0x8f, 0x46, 0xed, 0x06, 0x0d, 0x21, 0xac, 0xa0, 0x40, 0x01,
    0xe0, 0x71, 0xb1, 0xa1, 0xc5, 0xa1, 0x38, 0xe0, 0xb2, 0x99, 0xc6, 0xfe,
    0x2f, 0xfe, 0x90, 0x1a, 0xeb, 0x82, 0x9e, 0x70, 0xf0, 0xc8, 0x87, 0x2b,
    0x49, 0x24, 0x6f, 0x24, 0x5f, 0xbc, 0x65, 0x59, 0x4f, 0xbd, 0x81, 0x0b,
    0xc3, 0xa2, 0xb3, 0x3b, 0x8e, 0xa5, 0x23, 0xac, 0x03, 0x47, 0x9f, 0xf3,
    0xad, 0x61, 0x32, 0xd6, 0x7a, 0x12, 0xff, 0x81, 0xce, 0x8e, 0x1b, 0x6a,
    0xc5, 0x11, 0x09, 0xe2, 0xe5, 0x96, 0x25, 0x5d, 0x35, 0x4e, 0xe4, 0x77,
    0x23, 0x5f, 0x10, 0xff, 0x4b, 0xe7, 0x9b, 0xbc, 0x1f, 0xcb, 0xca, 0x26,
    0x33, 0x59, 0x04, 0xe3, 0x87, 0x4d, 0xf3, 0xbf, 0x7f, 0xc6, 0x92, 0xfc,
    0xc4, 0xcb, 0x56, 0x15, 0x3a, 0x10, 0xb7, 0x47, 0x1f, 0x89, 0xf9, 0x44,
    0x6d, 0x42, 0xd3, 0x53, 0xdf, 0xad, 0x1f, 0xb1, 0xfd, 0x42, 0x12, 0x17,
    0x93, 0x72, 0x16, 0x18, 0x15, 0xfa, 0x4f, 0x65, 0x3d, 0x09, 0x4c, 0x21,
    0xda, 0x8e, 0x7c, 0x96, 0xa1, 0x1f, 0x01, 0x24, 0x31, 0x24, 0x47, 0xf3,
    0x43, 0xce, 0x60, 0x18, 0xa0, 0x81, 0x18, 0xbd, 0x23, 0x9e, 0x49, 0x33,
    0xf4, 0x43, 0x17, 0x37, 0x92, 0x4b, 0xd7, 0xbb, 0xa2, 0x52, 0xc9, 0x12,
    0xfd, 0x51, 0x99, 0xaf, 0x0a, 0x5d, 0x03, 0xed, 0xf2, 0x64, 0x02, 0x00,
    0xbe, 0xc8, 0xeb, 0x33, 0x43, 0x2d, 0xd9, 0xd0, 0xb6, 0x66, 0xc9, 0xeb,
    0xb5, 0xc0, 0xbf, 0xcd, 0xe1, 0x31, 0x46, 0x77, 0xb6, 0x54, 0x81, 0xca,
    0x2c, 0x36, 0xab, 0x1b, 0xa7, 0x16, 0x82, 0xcc, 0x59, 0x7c, 0x0f, 0xd7,
    0x46, 0x06, 0x3c, 0x01, 0x2a, 0x0f, 0xd4, 0xdd, 0xf2, 0x45, 0xca, 0xc1,
    0xe6, 0xda, 0x4b, 0x69, 0xf1, 0xba, 0xae, 0x17, 0x61, 0x37, 0x6c, 0xd8,
    0x2c, 0xa8, 0xf3, 0xb8, 0x0b, 0x0b, 0x04, 0x05, 0x44, 0xf4, 0x58, 0xce,
    0x3c, 0x16, 0x0d, 0x3f, 0xab, 0x01, 0x2d, 0xf6, 0x68, 0x90, 0x5e, 0x9d,
    0xdc, 0x14, 0xb6, 0xa7, 0xfe, 0x38, 0x11, 0xe3, 0xf6, 0x0a, 0x62, 0x3a,
    0x81, 0xad, 0x56, 0x47, 0x3a, 0xdf, 0xe2, 0xc2, 0xfa, 0x25, 0xf3, 0x58,
    0x3e, 0x5c, 0xc6, 0xfc, 0xdb, 0x21, 0x28, 0x0b, 0xe8, 0xf6, 0xdf, 0x3a,
    0xdb, 0x63, 0x31, 0xe2, 0xab, 0xd8, 0xeb, 0x29, 0xa9, 0x1e, 0x17, 0xe4,
    0x51, 0xba, 0x6f, 0x03, 0xc4, 0xaa, 0xe4, 0xd7, 0xb6, 0x31, 0xeb, 0xc1,
    0xe0, 0xff, 0x35, 0xff, 0x30, 0xe8, 0x79, 0xff, 0x0d, 0xf3, 0x32, 0x7f,
    0x4e, 0xa5, 0x65, 0xd1, 0xdd, 0xfc, 0x06, 0x17, 0xd9, 0xa2, 0x0b, 0x30,
    0x20, 0x26, 0x2b, 0x07, 0x29, 0xe4, 0x73, 0x5c, 0x7d, 0xc6, 0x33, 0x0d,
    0xe9, 0x00, 0xac, 0xf8, 0xc2, 0xc6, 0xaf, 0x0c, 0x21, 0x66, 0x74, 0x12,
    0x24, 0x2a, 0x7d, 0xed, 0x12, 0x00, 0x13, 0x0f, 0x1b, 0x01, 0x29, 0xd6,
    0x55, 0x0f, 0x20, 0x4a, 0xcd, 0xc0, 0xbc, 0x3a, 0x25, 0x18, 0x9a, 0x04,
    0x13, 0xdc, 0x3b, 0x0e, 0x9a, 0xb9, 0x2f, 0xc1, 0x20, 0xd3, 0x22, 0x3e,
    0x51, 0x31, 0xf3, 0xc6, 0x03, 0x3d, 0x18, 0x81, 0xdd, 0x27, 0x81, 0xd0,
    0xcf, 0xda, 0x38, 0xa6, 0xc3, 0xda, 0x03, 0xf6, 0xfe, 0x05, 0x2a, 0xbf,
    0x2a, 0xe5, 0xbf, 0x0f, 0x62, 0xdf, 0xb4, 0xc9, 0x22, 0x19, 0x3d, 0x9c,
    0xd4, 0x16, 0xb9, 0x9a, 0x36, 0x96, 0x10, 0x3f, 0x92, 0xf9, 0xa0, 0x15,
    0x3d, 0xf5, 0x5a, 0x44, 0x53, 0xf1, 0x2f, 0x32, 0x2d, 0x1e, 0x34, 0x5e,
    0xe0, 0xda, 0x28, 0xf5, 0xe0, 0x7a, 0xe5, 0xd9, 0x46, 0x00, 0x98, 0xb5,
    0x00, 0x3c, 0xc5, 0xfd, 0x74, 0x95, 0xca, 0x2d, 0x61, 0x81, 0xef, 0x18,
    0x47, 0xdb, 0xd0, 0x01, 0x73, 0x59, 0x41, 0xb5, 0x29, 0x67, 0xc9, 0xf5,
    0xaa, 0x8e, 0xeb, 0x6d, 0x08, 0xb6, 0xdb, 0xe1, 0x9b, 0x08, 0xf0, 0x6f,
    0x3e, 0xd7, 0x2f, 0x45, 0x36, 0x46, 0xbc, 0x50, 0xbd, 0x1f, 0xfc, 0x03,
    0xdc, 0xda, 0xab, 0x28, 0x7f, 0x48, 0x1b, 0x8c, 0xc0, 0x5d, 0x0b, 0x6d,
    0x7d, 0x90, 0x93, 0xd6, 0xc6, 0xd5, 0x40, 0xa4, 0xe6, 0xbb, 0x84, 0x66,
    0xde, 0xec, 0x2a, 0xe6, 0x6e, 0xc0, 0x6e, 0x7a, 0xc2, 0x34, 0x2e, 0x10,
    0xc6, 0x2d, 0x9f, 0xe3, 0x4f, 0x7c, 0xc4, 0x14, 0xb4, 0xb8, 0xc1, 0xc3,
    0x0b, 0xde, 0x19, 0xf5, 0xdf, 0x58, 0x37, 0x07, 0x2f, 0xda, 0x59, 0xc3,
    0x0e, 0xf0, 0xd0, 0xc9, 0x21, 0xec, 0x3f, 0x6d, 0x24, 0xf0, 0xf6, 0xb1,
    0x02, 0x20, 0xfc, 0xfa, 0xec, 0x44, 0x1b, 0x3e, 0x62, 0x31, 0x04, 0x1f,
    0xf9, 0x91, 0xd7, 0xe4, 0x0f, 0xfd, 0x2b, 0xf9, 0x81, 0xff, 0x14, 0x34,
    0x1a, 0x58, 0x2c, 0xeb, 0x0e, 0x50, 0x3b, 0x8d, 0x9e, 0xc2, 0xdc, 0x60,
    0x38, 0xe0, 0x22, 0x37, 0xc9, 0x5c, 0xc5, 0xea, 0xf7, 0xca, 0xb8, 0x38,
    0xd4, 0x4b, 0xf9, 0x1e, 0x8b, 0xa4, 0x6c, 0xfb, 0xf7, 0x04, 0x55, 0xf8,
    0x81, 0xa6, 0xa3, 0x68, 0x61, 0x1f, 0x01, 0x37, 0xb1, 0xfc, 0x62, 0xc7,
    0x12, 0xce, 0xb1, 0x29, 0xe4, 0x4d, 0x67, 0x3b, 0x0a, 0x0d, 0xba, 0xf0,
    0x2f, 0xee, 0x55, 0xb9, 0x2c, 0xf6, 0x62, 0xdd, 0x1a, 0xbb, 0xf8, 0x66,
    0xb9, 0xc7, 0x2f, 0xe1, 0xd4, 0x8f, 0x22, 0xc6, 0x07, 0xc7, 0x61, 0x57,
    0xd4, 0xbe, 0xdc, 0xde, 0x1f, 0x31, 0xe5, 0x36, 0x72, 0x0e, 0xfc, 0x03,
    0xcb, 0xff, 0x1d, 0x9d, 0xc0, 0xfe, 0x98, 0x2b, 0x12, 0x12, 0x5d, 0x54,
    0xb1, 0x90, 0xa5, 0xb7, 0x55, 0x88, 0xc6, 0xb4, 0x91, 0x07, 0xd8, 0x3c,
    0xc8, 0x64, 0xcb, 0xa7, 0xff, 0xaf, 0x00, 0x6c, 0xb8, 0x1e, 0x5a, 0x99,
    0x62, 0x9e, 0xea, 0x81, 0x59, 0xa8, 0x57, 0x17, 0xfa, 0x21, 0x0e, 0x40,
    0xf2, 0xfa, 0xab, 0x49, 0xf7, 0x74, 0x0b, 0x0d, 0xfe, 0x1c, 0xd5, 0x2d,
    0xc5, 0xf8, 0x95, 0xd6, 0xb9, 0x20, 0x1e, 0xd5, 0x5a, 0x52, 0x34, 0xcd,
    0x10, 0x5b, 0xc3, 0xd3, 0x2e, 0x12, 0x13, 0x39, 0x13, 0x31, 0xba, 0xdb,
    0xa8, 0x3d, 0x19, 0x2a, 0xd1, 0xb6, 0xc6, 0x25, 0x12, 0xea, 0x58, 0x7f,
    0xff, 0x99, 0xd0, 0xd8, 0x15, 0x1f, 0xed, 0xbf, 0x4a, 0x38, 0xa5, 0xe4,
    0x43, 0xf0, 0x31, 0xfa, 0xdf, 0xde, 0xfb, 0xfe, 0xe9, 0xfc, 0x43, 0xef,
    0x10, 0xde, 0x4c, 0x58, 0x24, 0xc3, 0xc9, 0x21, 0x66, 0xef, 0xe8, 0x17,
    0xf6, 0x0d, 0xde, 0x0a, 0x1c, 0xf7, 0x4d, 0x3e, 0x34, 0xda, 0xf3, 0x7f,
    0xb8, 0xed, 0x72, 0x2c, 0x67, 0x02, 0x3c, 0xe6, 0x29, 0xc3, 0xbe, 0x57,
    0xfa, 0x2a, 0xfa, 0x45, 0xe5, 0x6e, 0xf0, 0x37, 0x19, 0xfd, 0x06, 0x4f,
    0xf3, 0xfb, 0x10, 0xfb, 0x18, 0x0c, 0xd4, 0xc8, 0x5a, 0xe1, 0x1e, 0xec,
    0x57, 0x23, 0x5b, 0xc0, 0x14, 0x2d, 0xc5, 0xb9, 0xd2, 0x4a, 0x2a, 0xb7,
    0xab, 0x21, 0x3a, 0x27, 0xcf, 0xc3, 0xff, 0x23, 0xd6, 0xc4, 0xa5, 0x81,
    0xfa, 0x43, 0x28, 0x07, 0x5e, 0x34, 0xf7, 0x0e, 0xcf, 0xde, 0x3a, 0x9e,
    0xa1, 0x04, 0xf8, 0x8c, 0xf1, 0x8f, 0x2f, 0xfb, 0xfa, 0xeb, 0x4d, 0x2b,
    0x68, 0x49, 0xc6, 0xd7, 0xd6, 0xb4, 0x2f, 0xe8, 0x61, 0x17, 0x37, 0x17,
    0xdc, 0xb3, 0x49, 0xbf, 0xb1, 0x44, 0xe1, 0x03, 0x2b, 0x64, 0xf7, 0x5d,
    0xdc, 0xd0, 0xfe, 0x09, 0x63, 0xdc, 0x15, 0x41, 0xdb, 0x29, 0x13, 0x46,
    0xcb, 0xb4, 0x7f, 0x42, 0xb4, 0xbd, 0xfa, 0x68, 0xf0, 0xfe, 0x0f, 0xf9,
    0xc5, 0x61, 0x1c, 0x48, 0x6f, 0xa2, 0xf7, 0x42, 0x4e, 0x06, 0xc5, 0x5a,
    0x98, 0x0b, 0x3d, 0xbd, 0xb5, 0x96, 0x2f, 0x60, 0x1c, 0x62, 0xda, 0x63,
    0x37, 0xd0, 0xc4, 0xb8, 0x2f, 0x14, 0x55, 0x2a, 0x2b, 0x4c, 0xd8, 0x4e,
    0xc5, 0x22, 0xe1, 0xd0, 0x57, 0x23, 0x55, 0x42, 0xee, 0x14, 0x35, 0x24,
    0xd0, 0x5e, 0xcd, 0xa0, 0x18, 0x06, 0xb4, 0x9c, 0xb7, 0x24, 0xbe, 0xd3,
    0x20, 0xeb, 0xf7, 0x42, 0x3f, 0x34, 0xa8, 0x17, 0xdf, 0xa3, 0x32, 0xed,
    0xc1, 0x9c, 0xab, 0x18, 0x7f, 0x41, 0xa3, 0x4d, 0x01, 0xe8, 0x39, 0x1b,
    0x90, 0x2a, 0x53, 0x53, 0xab, 0xd4, 0x8a, 0x0d, 0x27, 0x2f, 0x49, 0x2a,
    0x18, 0x24, 0xb1, 0x17, 0x2d, 0x19, 0x14, 0x0a, 0x0e, 0xe0, 0x23, 0x07,
    0xbd, 0xea, 0xd2, 0x34, 0x2e, 0x45, 0xe0, 0xe4, 0xb9, 0x18, 0x57, 0xc3,
    0x3e, 0xb2, 0xb0, 0xdc, 0x42, 0xdd, 0xc5, 0x6e, 0x59, 0xad, 0xb2, 0xb6,
    0x3a, 0xf7, 0x51, 0xd6, 0xad, 0x18, 0x81, 0x1d, 0x1d, 0x3f, 0xed, 0x28,
    0x6f, 0x08, 0x04, 0x0e, 0x9a, 0xbe, 0x99, 0x53, 0xe6, 0xdf, 0x2f, 0x1d,
    0x4c, 0x4f, 0x48, 0x20, 0xd5, 0xb2, 0xb9, 0x3b, 0xc2, 0x20, 0x16, 0x90,
    0xc1, 0x31, 0x3e, 0x1a, 0x9f, 0xe5, 0x16, 0xaf, 0x2e, 0xff, 0x2c, 0xe7,
    0xdf, 0xfd, 0xa3, 0x0e, 0xd9, 0x69, 0x38, 0x82, 0x5f, 0x4b, 0x96, 0x0b,
    0xd0, 0x5a, 0x2a, 0xa0, 0xcf, 0x2b, 0x51, 0xa7, 0x81, 0x87, 0xb6, 0x2b,
    0xba, 0xbe, 0xe6, 0x12, 0xe7, 0xd2, 0xa0, 0x2c, 0xb3, 0x2e, 0x39, 0x9e,
    0xbc, 0xa0, 0xad, 0x8d, 0xe8, 0xd1, 0x47, 0x21, 0xaa, 0x43, 0xda, 0x09,
    0xfe, 0xc0, 0xf2, 0xe2, 0x7f, 0xd1, 0x2e, 0x36, 0xe4, 0xf8, 0xda, 0xe2,
    0x08, 0x2a, 0x10, 0xda, 0xcf, 0x58, 0x29, 0x0c, 0x14, 0xc3, 0x37, 0xa4,
    0xef, 0x34, 0x33, 0x0a, 0xf6, 0x08, 0xfb, 0x14, 0x55, 0xd0, 0x27, 0xc0,
    0x96, 0xc8, 0x24, 0x4f, 0x46, 0x4a, 0x2d, 0x53, 0xce, 0x5a, 0x5b, 0xe0,
    0xef, 0x33, 0x26, 0x35, 0x86, 0xfd, 0xff, 0xff, 0x04, 0x00, 0x00, 0x00,
    0xc0, 0x00, 0x00, 0x00, 0x59, 0x02, 0x00, 0x00, 0x2c, 0xfb, 0xff, 0xff,
    0xc2, 0xff, 0xff, 0xff, 0xdb, 0x02, 0x00, 0x00, 0x6e, 0x04, 0x00, 0x00,
    0xdb, 0xff, 0xff, 0xff, 0xd3, 0x00, 0x00, 0x00, 0xa6, 0x01, 0x00, 0x00,
    0xfd, 0xfc, 0xff, 0xff, 0xdd, 0xfe, 0xff, 0xff, 0x59, 0xfc, 0xff, 0xff,
    0x44, 0x01, 0x00, 0x00, 0xf9, 0xfd, 0xff, 0xff, 0x62, 0x05, 0x00, 0x00,
    0x6e, 0x00, 0x00, 0x00, 0x91, 0xfa, 0xff, 0xff, 0x10, 0xfe, 0xff, 0xff,
    0xc9, 0x03, 0x00, 0x00, 0x38, 0x01, 0x00, 0x00, 0x99, 0x02, 0x00, 0x00,
    0x78, 0xfe, 0xff, 0xff, 0x76, 0xfd, 0xff, 0xff, 0xaa, 0x03, 0x00, 0x00,
    0x99, 0xfd, 0xff, 0xff, 0xba, 0xfd, 0xff, 0xff, 0x6c, 0x01, 0x00, 0x00,
    0x29, 0xfe, 0xff, 0xff, 0xc0, 0x03, 0x00, 0x00, 0x00, 0x00, 0x00, 0x00,
    0x79, 0xff, 0xff, 0xff, 0xdf, 0x01, 0x00, 0x00, 0xf5, 0x01, 0x00, 0x00,
    0xa1, 0xff, 0xff, 0xff, 0x5b, 0x02, 0x00, 0x00, 0x73, 0x00, 0x00, 0x00,
    0x6e, 0x04, 0x00, 0x00, 0x08, 0xff, 0xff, 0xff, 0xb2, 0xfe, 0xff, 0xff,
    0xc2, 0xfe, 0xff, 0xff, 0x1f, 0xfb, 0xff, 0xff, 0x54, 0x01, 0x00, 0x00,
    0x06, 0x02, 0x00, 0x00, 0x77, 0x02, 0x00, 0x00, 0xb2, 0x01, 0x00, 0x00,
    0xa1, 0xff, 0xff, 0xff, 0x8d, 0x01, 0x00, 0x00, 0x80, 0xff, 0xff, 0xff,
    0xbe, 0x02, 0x00, 0x00, 0x52, 0xfe, 0xff, 0xff, 0x04, 0x00, 0x00, 0x00,
    0xc0, 0x00, 0x00, 0x00, 0x4c, 0xf0, 0x04, 0x71, 0x2f, 0x95, 0xba, 0x11,
    0xf5, 0x37, 0x36, 0xe7, 0xd6, 0xb7, 0xd3, 0xd3, 0xb2, 0x81, 0x18, 0xc8,
    0xa0, 0x47, 0x26, 0xd3, 0xca, 0xb4, 0x1b, 0x41, 0xd0, 0x59, 0xed, 0x19,
    0xa7, 0xb2, 0xbd, 0x02, 0x3f, 0xfe, 0xe5, 0xee, 0x41, 0xfb, 0xa4, 0x24,
    0xe6, 0xfc, 0xe0, 0xc5, 0xc4, 0x07, 0x05, 0xa4, 0x15, 0x39, 0xfa, 0x31,
    0xf1, 0x37, 0x2b, 0x1b, 0x4c, 0x11, 0xb6, 0xa8, 0x3e, 0x07, 0xe1, 0x44,
    0xc3, 0xd8, 0xa9, 0xc7, 0xcf, 0x81, 0xd8, 0xa9, 0xf0, 0x34, 0xbc, 0xc0,
    0xd1, 0x44, 0xfb, 0x22, 0xfc, 0x61, 0xb9, 0x15, 0x06, 0x03, 0xee, 0x05,
    0x5b, 0x3d, 0xa8, 0x16, 0x99, 0xf2, 0x43, 0xf5, 0xf1, 0xed, 0x1a, 0x44,
    0xea, 0xf2, 0xc6, 0x81, 0xb9, 0x1e, 0x28, 0x4c, 0xd3, 0xff, 0x55, 0x1a,
    0xb8, 0xd9, 0x28, 0x24, 0xf0, 0x7c, 0x40, 0xee, 0xe5, 0xf4, 0x14, 0xf7,
    0x41, 0xb9, 0x5f, 0x91, 0xf2, 0xee, 0x14, 0x1a, 0x07, 0x89, 0x32, 0xaf,
    0x2a, 0xba, 0x5d, 0x8b, 0xca, 0x07, 0xca, 0x3c, 0xac, 0x2b, 0x1a, 0xb9,
    0x0c, 0xa9, 0xfa, 0x2c, 0x33, 0x9b, 0x15, 0xcd, 0x32, 0x12, 0xd4, 0x41,
    0x35, 0x2f, 0xa5, 0x36, 0x04, 0xc9, 0xf4, 0x90, 0x27, 0xe5, 0x52, 0x81,
    0x3e, 0x40, 0xe1, 0xca, 0xa4, 0xec, 0x33, 0x29, 0xb5, 0x09, 0xeb, 0x18,
    0xaa, 0xb5, 0xb9, 0xa1, 0x1e, 0xff, 0xff, 0xff, 0x04, 0x00, 0x00, 0x00,
    0x10, 0x00, 0x00, 0x00, 0xa2, 0xff, 0xff, 0xff, 0xff, 0xfe, 0xff, 0xff,
    0xcf, 0xfe, 0xff, 0xff, 0xf5, 0x01, 0x00, 0x00, 0x3a, 0xff, 0xff, 0xff,
    0x04, 0x00, 0x00, 0x00, 0x08, 0x00, 0x00, 0x00, 0x01, 0x00, 0x00, 0x00,
    0x02, 0x00, 0x00, 0x00, 0xd4, 0xcd, 0xff, 0xff, 0xd8, 0xcd, 0xff, 0xff,
    0x0f, 0x00, 0x00, 0x00, 0x4d, 0x4c, 0x49, 0x52, 0x20, 0x43, 0x6f, 0x6e,
    0x76, 0x65, 0x72, 0x74, 0x65, 0x64, 0x2e, 0x00, 0x01, 0x00, 0x00, 0x00,
    0x14, 0x00, 0x00, 0x00, 0x00, 0x00, 0x0e, 0x00, 0x18, 0x00, 0x14, 0x00,
    0x10, 0x00, 0x0c, 0x00, 0x08, 0x00, 0x04, 0x00, 0x0e, 0x00, 0x00, 0x00,
    0x14, 0x00, 0x00, 0x00, 0x1c, 0x00, 0x00, 0x00, 0x54, 0x04, 0x00, 0x00,
    0x58, 0x04, 0x00, 0x00, 0x5c, 0x04, 0x00, 0x00, 0x04, 0x00, 0x00, 0x00,
    0x6d, 0x61, 0x69, 0x6e, 0x00, 0x00, 0x00, 0x00, 0x0f, 0x00, 0x00, 0x00,
    0xf0, 0x03, 0x00, 0x00, 0x8c, 0x03, 0x00, 0x00, 0x2c, 0x03, 0x00, 0x00,
    0xcc, 0x02, 0x00, 0x00, 0x88, 0x02, 0x00, 0x00, 0x44, 0x02, 0x00, 0x00,
    0x00, 0x02, 0x00, 0x00, 0xbc, 0x01, 0x00, 0x00, 0x78, 0x01, 0x00, 0x00,
    0x34, 0x01, 0x00, 0x00, 0xf0, 0x00, 0x00, 0x00, 0xbc, 0x00, 0x00, 0x00,
    0x78, 0x00, 0x00, 0x00, 0x40, 0x00, 0x00, 0x00, 0x04, 0x00, 0x00, 0x00,
    0xba, 0xfc, 0xff, 0xff, 0x1c, 0x00, 0x00, 0x00, 0x00, 0x00, 0x00, 0x09,
    0x1c, 0x00, 0x00, 0x00, 0x20, 0x00, 0x00, 0x00, 0x05, 0x00, 0x00, 0x00,
    0x00, 0x00, 0x06, 0x00, 0x08, 0x00, 0x04, 0x00, 0x06, 0x00, 0x00, 0x00,
    0x00, 0x00, 0x80, 0x3f, 0x01, 0x00, 0x00, 0x00, 0x22, 0x00, 0x00, 0x00,
    0x01, 0x00, 0x00, 0x00, 0x21, 0x00, 0x00, 0x00, 0x4e, 0xfd, 0xff, 0xff,
    0x14, 0x00, 0x00, 0x00, 0x00, 0x00, 0x00, 0x08, 0x10, 0x00, 0x00, 0x00,
    0x14, 0x00, 0x00, 0x00, 0x04, 0x00, 0x00, 0x00, 0xbc, 0xce, 0xff, 0xff,
    0x01, 0x00, 0x00, 0x00, 0x21, 0x00, 0x00, 0x00, 0x03, 0x00, 0x00, 0x00,
    0x20, 0x00, 0x00, 0x00, 0x03, 0x00, 0x00, 0x00, 0x02, 0x00, 0x00, 0x00,
    0x26, 0xfd, 0xff, 0xff, 0x1c, 0x00, 0x00, 0x00, 0x00, 0x00, 0x00, 0x08,
    0x1c, 0x00, 0x00, 0x00, 0x20, 0x00, 0x00, 0x00, 0x04, 0x00, 0x00, 0x00,
    0x00, 0x00, 0x06, 0x00, 0x08, 0x00, 0x07, 0x00, 0x06, 0x00, 0x00, 0x00,
    0x00, 0x00, 0x00, 0x01, 0x01, 0x00, 0x00, 0x00, 0x20, 0x00, 0x00, 0x00,
    0x03, 0x00, 0x00, 0x00, 0x1f, 0x00, 0x00, 0x00, 0x05, 0x00, 0x00, 0x00,
    0x04, 0x00, 0x00, 0x00, 0xc2, 0xfd, 0xff, 0xff, 0x14, 0x00, 0x00, 0x00,
    0x00, 0x00, 0x00, 0x1b, 0x10, 0x00, 0x00, 0x00, 0x14, 0x00, 0x00, 0x00,
    0x03, 0x00, 0x00, 0x00, 0x30, 0xcf, 0xff, 0xff, 0x01, 0x00, 0x00, 0x00,
    0x1f, 0x00, 0x00, 0x00, 0x02, 0x00, 0x00, 0x00, 0x1e, 0x00, 0x00, 0x00,
    0x01, 0x00, 0x00, 0x00, 0xf2, 0xfd, 0xff, 0xff, 0x14, 0x00, 0x00, 0x00,
    0x00, 0x00, 0x00, 0x05, 0x24, 0x00, 0x00, 0x00, 0x28, 0x00, 0x00, 0x00,
    0x01, 0x00, 0x00, 0x00, 0x86, 0xfd, 0xff, 0xff, 0x02, 0x00, 0x00, 0x00,
    0x02, 0x00, 0x00, 0x00, 0x02, 0x00, 0x00, 0x00, 0x02, 0x00, 0x00, 0x00,
    0x00, 0x00, 0x00, 0x01, 0x01, 0x00, 0x00, 0x00, 0x1e, 0x00, 0x00, 0x00,
    0x01, 0x00, 0x00, 0x00, 0x1d, 0x00, 0x00, 0x00, 0x76, 0xfd, 0xff, 0xff,
    0x10, 0x00, 0x00, 0x00, 0x00, 0x00, 0x00, 0x01, 0x1c, 0x00, 0x00, 0x00,
    0x20, 0x00, 0x00, 0x00, 0x80, 0xfe, 0xff, 0xff, 0x00, 0x00, 0x00, 0x01,
    0x01, 0x00, 0x00, 0x00, 0x01, 0x00, 0x00, 0x00, 0x00, 0x00, 0x00, 0x01,
    0x01, 0x00, 0x00, 0x00, 0x1d, 0x00, 0x00, 0x00, 0x03, 0x00, 0x00, 0x00,
    0x1c, 0x00, 0x00, 0x00, 0x07, 0x00, 0x00, 0x00, 0x06, 0x00, 0x00, 0x00,
    0x72, 0xfe, 0xff, 0xff, 0x14, 0x00, 0x00, 0x00, 0x00, 0x00, 0x00, 0x02,
    0x1c, 0x00, 0x00, 0x00, 0x20, 0x00, 0x00, 0x00, 0x02, 0x00, 0x00, 0x00,
    0x64, 0xfe, 0xff, 0xff, 0x01, 0x00, 0x00, 0x00, 0x01, 0x00, 0x00, 0x00,
    0x01, 0x00, 0x00, 0x00, 0x01, 0x00, 0x00, 0x00, 0x1c, 0x00, 0x00, 0x00,
    0x03, 0x00, 0x00, 0x00, 0x1b, 0x00, 0x00, 0x00, 0x09, 0x00, 0x00, 0x00,
    0x08, 0x00, 0x00, 0x00, 0xb2, 0xfe, 0xff, 0xff, 0x14, 0x00, 0x00, 0x00,
    0x00, 0x00, 0x00, 0x05, 0x24, 0x00, 0x00, 0x00, 0x28, 0x00, 0x00, 0x00,
    0x01, 0x00, 0x00, 0x00, 0x46, 0xfe, 0xff, 0xff, 0x02, 0x00, 0x00, 0x00,
    0x02, 0x00, 0x00, 0x00, 0x02, 0x00, 0x00, 0x00, 0x02, 0x00, 0x00, 0x00,
    0x00, 0x00, 0x00, 0x01, 0x01, 0x00, 0x00, 0x00, 0x1b, 0x00, 0x00, 0x00,
    0x01, 0x00, 0x00, 0x00, 0x1a, 0x00, 0x00, 0x00, 0x36, 0xfe, 0xff, 0xff,
    0x10, 0x00, 0x00, 0x00, 0x00, 0x00, 0x00, 0x01, 0x1c, 0x00, 0x00, 0x00,
    0x20, 0x00, 0x00, 0x00, 0x40, 0xff, 0xff, 0xff, 0x00, 0x00, 0x00, 0x01,
    0x01, 0x00, 0x00, 0x00, 0x01, 0x00, 0x00, 0x00, 0x00, 0x00, 0x00, 0x01,
    0x01, 0x00, 0x00, 0x00, 0x1a, 0x00, 0x00, 0x00, 0x03, 0x00, 0x00, 0x00,
    0x19, 0x00, 0x00, 0x00, 0x0b, 0x00, 0x00, 0x00, 0x0a, 0x00, 0x00, 0x00,
    0x32, 0xff, 0xff, 0xff, 0x14, 0x00, 0x00, 0x00, 0x00, 0x00, 0x00, 0x02,
    0x1c, 0x00, 0x00, 0x00, 0x20, 0x00, 0x00, 0x00, 0x02, 0x00, 0x00, 0x00,
    0x24, 0xff, 0xff, 0xff, 0x01, 0x00, 0x00, 0x00, 0x01, 0x00, 0x00, 0x00,
    0x01, 0x00, 0x00, 0x00, 0x01, 0x00, 0x00, 0x00, 0x19, 0x00, 0x00, 0x00,
    0x03, 0x00, 0x00, 0x00, 0x18, 0x00, 0x00, 0x00, 0x0d, 0x00, 0x00, 0x00,
    0x0c, 0x00, 0x00, 0x00, 0x72, 0xff, 0xff, 0xff, 0x14, 0x00, 0x00, 0x00,
    0x00, 0x00, 0x00, 0x05, 0x24, 0x00, 0x00, 0x00, 0x28, 0x00, 0x00, 0x00,
    0x01, 0x00, 0x00, 0x00, 0x06, 0xff, 0xff, 0xff, 0x02, 0x00, 0x00, 0x00,
    0x02, 0x00, 0x00, 0x00, 0x02, 0x00, 0x00, 0x00, 0x02, 0x00, 0x00, 0x00,
    0x00, 0x00, 0x00, 0x01, 0x01, 0x00, 0x00, 0x00, 0x18, 0x00, 0x00, 0x00,
    0x01, 0x00, 0x00, 0x00, 0x17, 0x00, 0x00, 0x00, 0xf6, 0xfe, 0xff, 0xff,
    0x1c, 0x00, 0x00, 0x00, 0x00, 0x00, 0x00, 0x01, 0x28, 0x00, 0x00, 0x00,
    0x2c, 0x00, 0x00, 0x00, 0x0c, 0x00, 0x14, 0x00, 0x13, 0x00, 0x0c, 0x00,
    0x08, 0x00, 0x07, 0x00, 0x0c, 0x00, 0x00, 0x00, 0x00, 0x00, 0x00, 0x01,
    0x01, 0x00, 0x00, 0x00, 0x01, 0x00, 0x00, 0x00, 0x00, 0x00, 0x00, 0x01,
    0x01, 0x00, 0x00, 0x00, 0x17, 0x00, 0x00, 0x00, 0x03, 0x00, 0x00, 0x00,
    0x16, 0x00, 0x00, 0x00, 0x0f, 0x00, 0x00, 0x00, 0x0e, 0x00, 0x00, 0x00,
    0x00, 0x00, 0x0e, 0x00, 0x18, 0x00, 0x14, 0x00, 0x10, 0x00, 0x0c, 0x00,
    0x0b, 0x00, 0x04, 0x00, 0x0e, 0x00, 0x00, 0x00, 0x20, 0x00, 0x00, 0x00,
    0x00, 0x00, 0x00, 0x02, 0x28, 0x00, 0x00, 0x00, 0x2c, 0x00, 0x00, 0x00,
    0x02, 0x00, 0x00, 0x00, 0x0c, 0x00, 0x10, 0x00, 0x00, 0x00, 0x0c, 0x00,
    0x08, 0x00, 0x04, 0x00, 0x0c, 0x00, 0x00, 0x00, 0x01, 0x00, 0x00, 0x00,
    0x01, 0x00, 0x00, 0x00, 0x01, 0x00, 0x00, 0x00, 0x01, 0x00, 0x00, 0x00,
    0x16, 0x00, 0x00, 0x00, 0x03, 0x00, 0x00, 0x00, 0x15, 0x00, 0x00, 0x00,
    0x11, 0x00, 0x00, 0x00, 0x10, 0x00, 0x00, 0x00, 0x00, 0x00, 0x0e, 0x00,
    0x1a, 0x00, 0x14, 0x00, 0x10, 0x00, 0x0c, 0x00, 0x0b, 0x00, 0x04, 0x00,
    0x0e, 0x00, 0x00, 0x00, 0x24, 0x00, 0x00, 0x00, 0x00, 0x00, 0x00, 0x05,
    0x34, 0x00, 0x00, 0x00, 0x38, 0x00, 0x00, 0x00, 0x01, 0x00, 0x00, 0x00,
    0x00, 0x00, 0x0e, 0x00, 0x18, 0x00, 0x17, 0x00, 0x10, 0x00, 0x0c, 0x00,
    0x08, 0x00, 0x04, 0x00, 0x0e, 0x00, 0x00, 0x00, 0x02, 0x00, 0x00, 0x00,
    0x02, 0x00, 0x00, 0x00, 0x02, 0x00, 0x00, 0x00, 0x02, 0x00, 0x00, 0x00,
    0x00, 0x00, 0x00, 0x01, 0x01, 0x00, 0x00, 0x00, 0x15, 0x00, 0x00, 0x00,
    0x01, 0x00, 0x00, 0x00, 0x14, 0x00, 0x00, 0x00, 0x00, 0x00, 0x0e, 0x00,
    0x14, 0x00, 0x00, 0x00, 0x10, 0x00, 0x0c, 0x00, 0x0b, 0x00, 0x04, 0x00,
    0x0e, 0x00, 0x00, 0x00, 0x1c, 0x00, 0x00, 0x00, 0x00, 0x00, 0x00, 0x01,
    0x24, 0x00, 0x00, 0x00, 0x28, 0x00, 0x00, 0x00, 0x0c, 0x00, 0x10, 0x00,
    0x00, 0x00, 0x0c, 0x00, 0x08, 0x00, 0x07, 0x00, 0x0c, 0x00, 0x00, 0x00,
    0x00, 0x00, 0x00, 0x01, 0x01, 0x00, 0x00, 0x00, 0x02, 0x00, 0x00, 0x00,
    0x01, 0x00, 0x00, 0x00, 0x14, 0x00, 0x00, 0x00, 0x03, 0x00, 0x00, 0x00,
    0x00, 0x00, 0x00, 0x00, 0x13, 0x00, 0x00, 0x00, 0x12, 0x00, 0x00, 0x00,
    0x01, 0x00, 0x00, 0x00, 0x22, 0x00, 0x00, 0x00, 0x01, 0x00, 0x00, 0x00,
    0x00, 0x00, 0x00, 0x00, 0x23, 0x00, 0x00, 0x00, 0xc0, 0x2d, 0x00, 0x00,
    0x64, 0x2d, 0x00, 0x00, 0xc4, 0x2c, 0x00, 0x00, 0x38, 0x2c, 0x00, 0x00,
    0xa4, 0x29, 0x00, 0x00, 0x08, 0x27, 0x00, 0x00, 0xb4, 0x23, 0x00, 0x00,
    0x50, 0x20, 0x00, 0x00, 0x1c, 0x1e, 0x00, 0x00, 0xc0, 0x1b, 0x00, 0x00,
    0x74, 0x19, 0x00, 0x00, 0x30, 0x17, 0x00, 0x00, 0xbc, 0x15, 0x00, 0x00,
    0x34, 0x14, 0x00, 0x00, 0xbc, 0x12, 0x00, 0x00, 0x38, 0x11, 0x00, 0x00,
    0x54, 0x10, 0x00, 0x00, 0x5c, 0x0f, 0x00, 0x00, 0x74, 0x0e, 0x00, 0x00,
    0x80, 0x0d, 0x00, 0x00, 0x24, 0x0c, 0x00, 0x00, 0x78, 0x0b, 0x00, 0x00,
    0xbc, 0x0a, 0x00, 0x00, 0x50, 0x09, 0x00, 0x00, 0xa4, 0x08, 0x00, 0x00,
    0xe0, 0x07, 0x00, 0x00, 0x74, 0x06, 0x00, 0x00, 0xc8, 0x05, 0x00, 0x00,
    0x04, 0x05, 0x00, 0x00, 0x98, 0x03, 0x00, 0x00, 0xec, 0x02, 0x00, 0x00,
    0x48, 0x02, 0x00, 0x00, 0x5c, 0x01, 0x00, 0x00, 0x80, 0x00, 0x00, 0x00,
    0x04, 0x00, 0x00, 0x00, 0xe2, 0xd2, 0xff, 0xff, 0x00, 0x00, 0x00, 0x01,
    0x18, 0x00, 0x00, 0x00, 0x20, 0x00, 0x00, 0x00, 0x3c, 0x00, 0x00, 0x00,
    0x23, 0x00, 0x00, 0x00, 0x00, 0x00, 0x00, 0x09, 0x50, 0x00, 0x00, 0x00,
    0x02, 0x00, 0x00, 0x00, 0xff, 0xff, 0xff, 0xff, 0x04, 0x00, 0x00, 0x00,
    0xc4, 0xd2, 0xff, 0xff, 0x08, 0x00, 0x00, 0x00, 0x10, 0x00, 0x00, 0x00,
    0x01, 0x00, 0x00, 0x00, 0x80, 0xff, 0xff, 0xff, 0xff, 0xff, 0xff, 0xff,
    0x01, 0x00, 0x00, 0x00, 0x00, 0x00, 0x80, 0x3b, 0x1b, 0x00, 0x00, 0x00,
    0x53, 0x74, 0x61, 0x74, 0x65, 0x66, 0x75, 0x6c, 0x50, 0x61, 0x72, 0x74,
    0x69, 0x74, 0x69, 0x6f, 0x6e, 0x65, 0x64, 0x43, 0x61, 0x6c, 0x6c, 0x5f,
    0x31, 0x3a, 0x30, 0x00, 0x02, 0x00, 0x00, 0x00, 0x01, 0x00, 0x00, 0x00,
    0x04, 0x00, 0x00, 0x00, 0x5a, 0xd3, 0xff, 0xff, 0x00, 0x00, 0x00, 0x01,
    0x18, 0x00, 0x00, 0x00, 0x20, 0x00, 0x00, 0x00, 0x40, 0x00, 0x00, 0x00,
    0x22, 0x00, 0x00, 0x00, 0x00, 0x00, 0x00, 0x09, 0xb0, 0x00, 0x00, 0x00,
    0x02, 0x00, 0x00, 0x00, 0xff, 0xff, 0xff, 0xff, 0x04, 0x00, 0x00, 0x00,
    0x3c, 0xd3, 0xff, 0xff, 0x08, 0x00, 0x00, 0x00, 0x14, 0x00, 0x00, 0x00,
    0x01, 0x00, 0x00, 0x00, 0x12, 0x00, 0x00, 0x00, 0x00, 0x00, 0x00, 0x00,
    0x00, 0x00, 0x00, 0x00, 0x01, 0x00, 0x00, 0x00, 0x69, 0x63, 0xf7, 0x3d,
    0x76, 0x00, 0x00, 0x00, 0x63, 0x6c, 0x61, 0x73, 0x73, 0x72, 0x6f, 0x6f,
    0x6d, 0x5f, 0x61, 0x75, 0x64, 0x69, 0x6f, 0x5f, 0x34, 0x63, 0x6c, 0x61,
    0x73, 0x73, 0x65, 0x73, 0x5f, 0x37, 0x73, 0x5f, 0x31, 0x2f, 0x63, 0x6c,
    0x61, 0x73, 0x73, 0x5f, 0x70, 0x72, 0x6f, 0x62, 0x61, 0x62, 0x69, 0x6c,
    0x69, 0x74, 0x69, 0x65, 0x73, 0x5f, 0x31, 0x2f, 0x4d, 0x61, 0x74, 0x4d,
    0x75, 0x6c, 0x3b, 0x63, 0x6c, 0x61, 0x73, 0x73, 0x72, 0x6f, 0x6f, 0x6d,
    0x5f, 0x61, 0x75, 0x64, 0x69, 0x6f, 0x5f, 0x34, 0x63, 0x6c, 0x61, 0x73,
    0x73, 0x65, 0x73, 0x5f, 0x37, 0x73, 0x5f, 0x31, 0x2f, 0x63, 0x6c, 0x61,
    0x73, 0x73, 0x5f, 0x70, 0x72, 0x6f, 0x62, 0x61, 0x62, 0x69, 0x6c, 0x69,
    0x74, 0x69, 0x65, 0x73, 0x5f, 0x31, 0x2f, 0x42, 0x69, 0x61, 0x73, 0x41,
    0x64, 0x64, 0x00, 0x00, 0x02, 0x00, 0x00, 0x00, 0x01, 0x00, 0x00, 0x00,
    0x04, 0x00, 0x00, 0x00, 0x32, 0xd4, 0xff, 0xff, 0x00, 0x00, 0x00, 0x01,
    0x18, 0x00, 0x00, 0x00, 0x20, 0x00, 0x00, 0x00, 0x40, 0x00, 0x00, 0x00,
    0x21, 0x00, 0x00, 0x00, 0x00, 0x00, 0x00, 0x09, 0xc0, 0x00, 0x00, 0x00,
    0x02, 0x00, 0x00, 0x00, 0xff, 0xff, 0xff, 0xff, 0x30, 0x00, 0x00, 0x00,
    0x14, 0xd4, 0xff, 0xff, 0x08, 0x00, 0x00, 0x00, 0x14, 0x00, 0x00, 0x00,
    0x01, 0x00, 0x00, 0x00, 0x80, 0xff, 0xff, 0xff, 0xff, 0xff, 0xff, 0xff,
    0x00, 0x00, 0x00, 0x00, 0x01, 0x00, 0x00, 0x00, 0xc1, 0x1f, 0x0a, 0x3d,
    0x85, 0x00, 0x00, 0x00, 0x63, 0x6c, 0x61, 0x73, 0x73, 0x72, 0x6f, 0x6f,
    0x6d, 0x5f, 0x61, 0x75, 0x64, 0x69, 0x6f, 0x5f, 0x34, 0x63, 0x6c, 0x61,
    0x73, 0x73, 0x65, 0x73, 0x5f, 0x37, 0x73, 0x5f, 0x31, 0x2f, 0x64, 0x65,
    0x6e, 0x73, 0x65, 0x5f, 0x31, 0x2f, 0x4d, 0x61, 0x74, 0x4d, 0x75, 0x6c,
    0x3b, 0x63, 0x6c, 0x61, 0x73, 0x73, 0x72, 0x6f, 0x6f, 0x6d, 0x5f, 0x61,
    0x75, 0x64, 0x69, 0x6f, 0x5f, 0x34, 0x63, 0x6c, 0x61, 0x73, 0x73, 0x65,
    0x73, 0x5f, 0x37, 0x73, 0x5f, 0x31, 0x2f, 0x64, 0x65, 0x6e, 0x73, 0x65,
    0x5f, 0x31, 0x2f, 0x52, 0x65, 0x6c, 0x75, 0x3b, 0x63, 0x6c, 0x61, 0x73,
    0x73, 0x72, 0x6f, 0x6f, 0x6d, 0x5f, 0x61, 0x75, 0x64, 0x69, 0x6f, 0x5f,
    0x34, 0x63, 0x6c, 0x61, 0x73, 0x73, 0x65, 0x73, 0x5f, 0x37, 0x73, 0x5f,
    0x31, 0x2f, 0x64, 0x65, 0x6e, 0x73, 0x65, 0x5f, 0x31, 0x2f, 0x42, 0x69,
    0x61, 0x73, 0x41, 0x64, 0x64, 0x00, 0x00, 0x00, 0x02, 0x00, 0x00, 0x00,
    0x01, 0x00, 0x00, 0x00, 0x30, 0x00, 0x00, 0x00, 0x1a, 0xd5, 0xff, 0xff,
    0x00, 0x00, 0x00, 0x01, 0x18, 0x00, 0x00, 0x00, 0x20, 0x00, 0x00, 0x00,
    0x40, 0x00, 0x00, 0x00, 0x20, 0x00, 0x00, 0x00, 0x00, 0x00, 0x00, 0x09,
    0x78, 0x00, 0x00, 0x00, 0x02, 0x00, 0x00, 0x00, 0xff, 0xff, 0xff, 0xff,
    0x40, 0x00, 0x00, 0x00, 0xfc, 0xd4, 0xff, 0xff, 0x08, 0x00, 0x00, 0x00,
    0x14, 0x00, 0x00, 0x00, 0x01, 0x00, 0x00, 0x00, 0x80, 0xff, 0xff, 0xff,
    0xff, 0xff, 0xff, 0xff, 0x00, 0x00, 0x00, 0x00, 0x01, 0x00, 0x00, 0x00,
    0xcf, 0xfa, 0x5d, 0x3c, 0x3d, 0x00, 0x00, 0x00, 0x63, 0x6c, 0x61, 0x73,
    0x73, 0x72, 0x6f, 0x6f, 0x6d, 0x5f, 0x61, 0x75, 0x64, 0x69, 0x6f, 0x5f,
    0x34, 0x63, 0x6c, 0x61, 0x73, 0x73, 0x65, 0x73, 0x5f, 0x37, 0x73, 0x5f,
    0x31, 0x2f, 0x67, 0x6c, 0x6f, 0x62, 0x61, 0x6c, 0x5f, 0x61, 0x76, 0x65,
    0x72, 0x61, 0x67, 0x65, 0x5f, 0x70, 0x6f, 0x6f, 0x6c, 0x69, 0x6e, 0x67,
    0x32, 0x64, 0x5f, 0x31, 0x2f, 0x4d, 0x65, 0x61, 0x6e, 0x00, 0x00, 0x00,
    0x02, 0x00, 0x00, 0x00, 0x01, 0x00, 0x00, 0x00, 0x40, 0x00, 0x00, 0x00,
    0xba, 0xd5, 0xff, 0xff, 0x00, 0x00, 0x00, 0x01, 0x18, 0x00, 0x00, 0x00,
    0x28, 0x00, 0x00, 0x00, 0x44, 0x00, 0x00, 0x00, 0x1f, 0x00, 0x00, 0x00,
    0x00, 0x00, 0x00, 0x09, 0x78, 0x00, 0x00, 0x00, 0x04, 0x00, 0x00, 0x00,
    0xff, 0xff, 0xff, 0xff, 0x02, 0x00, 0x00, 0x00, 0x15, 0x00, 0x00, 0x00,
    0x40, 0x00, 0x00, 0x00, 0xa4, 0xd5, 0xff, 0xff, 0x08, 0x00, 0x00, 0x00,
    0x10, 0x00, 0x00, 0x00, 0x01, 0x00, 0x00, 0x00, 0x80, 0xff, 0xff, 0xff,
    0xff, 0xff, 0xff, 0xff, 0x01, 0x00, 0x00, 0x00, 0x74, 0x92, 0xff, 0x3c,
    0x39, 0x00, 0x00, 0x00, 0x63, 0x6c, 0x61, 0x73, 0x73, 0x72, 0x6f, 0x6f,
    0x6d, 0x5f, 0x61, 0x75, 0x64, 0x69, 0x6f, 0x5f, 0x34, 0x63, 0x6c, 0x61,
    0x73, 0x73, 0x65, 0x73, 0x5f, 0x37, 0x73, 0x5f, 0x31, 0x2f, 0x6d, 0x61,
    0x78, 0x5f, 0x70, 0x6f, 0x6f, 0x6c, 0x69, 0x6e, 0x67, 0x32, 0x64, 0x5f,
    0x33, 0x5f, 0x31, 0x2f, 0x4d, 0x61, 0x78, 0x50, 0x6f, 0x6f, 0x6c, 0x32,
    0x64, 0x00, 0x00, 0x00, 0x04, 0x00, 0x00, 0x00, 0x01, 0x00, 0x00, 0x00,
    0x02, 0x00, 0x00, 0x00, 0x15, 0x00, 0x00, 0x00, 0x40, 0x00, 0x00, 0x00,
    0x62, 0xd6, 0xff, 0xff, 0x00, 0x00, 0x00, 0x01, 0x18, 0x00, 0x00, 0x00,
    0x28, 0x00, 0x00, 0x00, 0x44, 0x00, 0x00, 0x00, 0x1e, 0x00, 0x00, 0x00,
    0x00, 0x00, 0x00, 0x09, 0x38, 0x01, 0x00, 0x00, 0x04, 0x00, 0x00, 0x00,
    0xff, 0xff, 0xff, 0xff, 0x05, 0x00, 0x00, 0x00, 0x2b, 0x00, 0x00, 0x00,
    0x40, 0x00, 0x00, 0x00, 0x4c, 0xd6, 0xff, 0xff, 0x08, 0x00, 0x00, 0x00,
    0x10, 0x00, 0x00, 0x00, 0x01, 0x00, 0x00, 0x00, 0x80, 0xff, 0xff, 0xff,
    0xff, 0xff, 0xff, 0xff, 0x01, 0x00, 0x00, 0x00, 0x74, 0x92, 0xff, 0x3c,
    0xfa, 0x00, 0x00, 0x00, 0x63, 0x6c, 0x61, 0x73, 0x73, 0x72, 0x6f, 0x6f,
    0x6d, 0x5f, 0x61, 0x75, 0x64, 0x69, 0x6f, 0x5f, 0x34, 0x63, 0x6c, 0x61,
    0x73, 0x73, 0x65, 0x73, 0x5f, 0x37, 0x73, 0x5f, 0x31, 0x2f, 0x72, 0x65,
    0x5f, 0x6c, 0x75, 0x5f, 0x33, 0x5f, 0x31, 0x2f, 0x52, 0x65, 0x6c, 0x75,
    0x3b, 0x63, 0x6c, 0x61, 0x73, 0x73, 0x72, 0x6f, 0x6f, 0x6d, 0x5f, 0x61,
    0x75, 0x64, 0x69, 0x6f, 0x5f, 0x34, 0x63, 0x6c, 0x61, 0x73, 0x73, 0x65,
    0x73, 0x5f, 0x37, 0x73, 0x5f, 0x31, 0x2f, 0x62, 0x61, 0x74, 0x63, 0x68,
    0x5f, 0x6e, 0x6f, 0x72, 0x6d, 0x61, 0x6c, 0x69, 0x7a, 0x61, 0x74, 0x69,
    0x6f, 0x6e, 0x5f, 0x33, 0x5f, 0x31, 0x2f, 0x62, 0x61, 0x74, 0x63, 0x68,
    0x6e, 0x6f, 0x72, 0x6d, 0x2f, 0x61, 0x64, 0x64, 0x5f, 0x31, 0x3b, 0x63,
    0x6c, 0x61, 0x73, 0x73, 0x72, 0x6f, 0x6f, 0x6d, 0x5f, 0x61, 0x75, 0x64,
    0x69, 0x6f, 0x5f, 0x34, 0x63, 0x6c, 0x61, 0x73, 0x73, 0x65, 0x73, 0x5f,
    0x37, 0x73, 0x5f, 0x31, 0x2f, 0x73, 0x65, 0x70, 0x61, 0x72, 0x61, 0x62,
    0x6c, 0x65, 0x5f, 0x63, 0x6f, 0x6e, 0x76, 0x32, 0x64, 0x5f, 0x32, 0x5f,
    0x31, 0x2f, 0x73, 0x65, 0x70, 0x61, 0x72, 0x61, 0x62, 0x6c, 0x65, 0x5f,
    0x63, 0x6f, 0x6e, 0x76, 0x32, 0x64, 0x3b, 0x63, 0x6c, 0x61, 0x73, 0x73,
    0x72, 0x6f, 0x6f, 0x6d, 0x5f, 0x61, 0x75, 0x64, 0x69, 0x6f, 0x5f, 0x34,
    0x63, 0x6c, 0x61, 0x73, 0x73, 0x65, 0x73, 0x5f, 0x37, 0x73, 0x5f, 0x31,
    0x2f, 0x62, 0x61, 0x74, 0x63, 0x68, 0x5f, 0x6e, 0x6f, 0x72, 0x6d, 0x61,
    0x6c, 0x69, 0x7a, 0x61, 0x74, 0x69, 0x6f, 0x6e, 0x5f, 0x33, 0x5f, 0x31,
    0x2f, 0x62, 0x61, 0x74, 0x63, 0x68, 0x6e, 0x6f, 0x72, 0x6d, 0x2f, 0x73,
    0x75, 0x62, 0x00, 0x00, 0x04, 0x00, 0x00, 0x00, 0x01, 0x00, 0x00, 0x00,
    0x05, 0x00, 0x00, 0x00, 0x2b, 0x00, 0x00, 0x00, 0x40, 0x00, 0x00, 0x00,
    0xca, 0xd7, 0xff, 0xff, 0x00, 0x00, 0x00, 0x01, 0x18, 0x00, 0x00, 0x00,
    0x28, 0x00, 0x00, 0x00, 0x48, 0x00, 0x00, 0x00, 0x1d, 0x00, 0x00, 0x00,
    0x00, 0x00, 0x00, 0x09, 0x90, 0x00, 0x00, 0x00, 0x04, 0x00, 0x00, 0x00,
    0xff, 0xff, 0xff, 0xff, 0x05, 0x00, 0x00, 0x00, 0x2b, 0x00, 0x00, 0x00,
    0x28, 0x00, 0x00, 0x00, 0xb4, 0xd7, 0xff, 0xff, 0x08, 0x00, 0x00, 0x00,
    0x14, 0x00, 0x00, 0x00, 0x01, 0x00, 0x00, 0x00, 0xff, 0xff, 0xff, 0xff,
    0xff, 0xff, 0xff, 0xff, 0x00, 0x00, 0x00, 0x00, 0x01, 0x00, 0x00, 0x00,
    0x65, 0xf3, 0xca, 0x3c, 0x4d, 0x00, 0x00, 0x00, 0x63, 0x6c, 0x61, 0x73,
    0x73, 0x72, 0x6f, 0x6f, 0x6d, 0x5f, 0x61, 0x75, 0x64, 0x69, 0x6f, 0x5f,
    0x34, 0x63, 0x6c, 0x61, 0x73, 0x73, 0x65, 0x73, 0x5f, 0x37, 0x73, 0x5f,
    0x31, 0x2f, 0x73, 0x65, 0x70, 0x61, 0x72, 0x61, 0x62, 0x6c, 0x65, 0x5f,
    0x63, 0x6f, 0x6e, 0x76, 0x32, 0x64, 0x5f, 0x32, 0x5f, 0x31, 0x2f, 0x73,
    0x65, 0x70, 0x61, 0x72, 0x61, 0x62, 0x6c, 0x65, 0x5f, 0x63, 0x6f, 0x6e,
    0x76, 0x32, 0x64, 0x2f, 0x64, 0x65, 0x70, 0x74, 0x68, 0x77, 0x69, 0x73,
    0x65, 0x00, 0x00, 0x00, 0x04, 0x00, 0x00, 0x00, 0x01, 0x00, 0x00, 0x00,
    0x05, 0x00, 0x00, 0x00, 0x2b, 0x00, 0x00, 0x00, 0x28, 0x00, 0x00, 0x00,
    0x8a, 0xd8, 0xff, 0xff, 0x00, 0x00, 0x00, 0x01, 0x18, 0x00, 0x00, 0x00,
    0x28, 0x00, 0x00, 0x00, 0x44, 0x00, 0x00, 0x00, 0x1c, 0x00, 0x00, 0x00,
    0x00, 0x00, 0x00, 0x09, 0x78, 0x00, 0x00, 0x00, 0x04, 0x00, 0x00, 0x00,
    0xff, 0xff, 0xff, 0xff, 0x05, 0x00, 0x00, 0x00, 0x2b, 0x00, 0x00, 0x00,
    0x28, 0x00, 0x00, 0x00, 0x74, 0xd8, 0xff, 0xff, 0x08, 0x00, 0x00, 0x00,
    0x10, 0x00, 0x00, 0x00, 0x01, 0x00, 0x00, 0x00, 0x80, 0xff, 0xff, 0xff,
    0xff, 0xff, 0xff, 0xff, 0x01, 0x00, 0x00, 0x00, 0x76, 0x98, 0x0d, 0x3d,
    0x39, 0x00, 0x00, 0x00, 0x63, 0x6c, 0x61, 0x73, 0x73, 0x72, 0x6f, 0x6f,
    0x6d, 0x5f, 0x61, 0x75, 0x64, 0x69, 0x6f, 0x5f, 0x34, 0x63, 0x6c, 0x61,
    0x73, 0x73, 0x65, 0x73, 0x5f, 0x37, 0x73, 0x5f, 0x31, 0x2f, 0x6d, 0x61,
    0x78, 0x5f, 0x70, 0x6f, 0x6f, 0x6c, 0x69, 0x6e, 0x67, 0x32, 0x64, 0x5f,
    0x32, 0x5f, 0x31, 0x2f, 0x4d, 0x61, 0x78, 0x50, 0x6f, 0x6f, 0x6c, 0x32,
    0x64, 0x00, 0x00, 0x00, 0x04, 0x00, 0x00, 0x00, 0x01, 0x00, 0x00, 0x00,
    0x05, 0x00, 0x00, 0x00, 0x2b, 0x00, 0x00, 0x00, 0x28, 0x00, 0x00, 0x00,
    0x32, 0xd9, 0xff, 0xff, 0x00, 0x00, 0x00, 0x01, 0x18, 0x00, 0x00, 0x00,
    0x28, 0x00, 0x00, 0x00, 0x44, 0x00, 0x00, 0x00, 0x1b, 0x00, 0x00, 0x00,
    0x00, 0x00, 0x00, 0x09, 0x38, 0x01, 0x00, 0x00, 0x04, 0x00, 0x00, 0x00,
    0xff, 0xff, 0xff, 0xff, 0x0a, 0x00, 0x00, 0x00, 0x57, 0x00, 0x00, 0x00,
    0x28, 0x00, 0x00, 0x00, 0x1c, 0xd9, 0xff, 0xff, 0x08, 0x00, 0x00, 0x00,
    0x10, 0x00, 0x00, 0x00, 0x01, 0x00, 0x00, 0x00, 0x80, 0xff, 0xff, 0xff,
    0xff, 0xff, 0xff, 0xff, 0x01, 0x00, 0x00, 0x00, 0x76, 0x98, 0x0d, 0x3d,
    0xfa, 0x00, 0x00, 0x00, 0x63, 0x6c, 0x61, 0x73, 0x73, 0x72, 0x6f, 0x6f,
    0x6d, 0x5f, 0x61, 0x75, 0x64, 0x69, 0x6f, 0x5f, 0x34, 0x63, 0x6c, 0x61,
    0x73, 0x73, 0x65, 0x73, 0x5f, 0x37, 0x73, 0x5f, 0x31, 0x2f, 0x72, 0x65,
    0x5f, 0x6c, 0x75, 0x5f, 0x32, 0x5f, 0x31, 0x2f, 0x52, 0x65, 0x6c, 0x75,
    0x3b, 0x63, 0x6c, 0x61, 0x73, 0x73, 0x72, 0x6f, 0x6f, 0x6d, 0x5f, 0x61,
    0x75, 0x64, 0x69, 0x6f, 0x5f, 0x34, 0x63, 0x6c, 0x61, 0x73, 0x73, 0x65,
    0x73, 0x5f, 0x37, 0x73, 0x5f, 0x31, 0x2f, 0x62, 0x61, 0x74, 0x63, 0x68,
    0x5f, 0x6e, 0x6f, 0x72, 0x6d, 0x61, 0x6c, 0x69, 0x7a, 0x61, 0x74, 0x69,
    0x6f, 0x6e, 0x5f, 0x32, 0x5f, 0x31, 0x2f, 0x62, 0x61, 0x74, 0x63, 0x68,
    0x6e, 0x6f, 0x72, 0x6d, 0x2f, 0x61, 0x64, 0x64, 0x5f, 0x31, 0x3b, 0x63,
    0x6c, 0x61, 0x73, 0x73, 0x72, 0x6f, 0x6f, 0x6d, 0x5f, 0x61, 0x75, 0x64,
    0x69, 0x6f, 0x5f, 0x34, 0x63, 0x6c, 0x61, 0x73, 0x73, 0x65, 0x73, 0x5f,
    0x37, 0x73, 0x5f, 0x31, 0x2f, 0x73, 0x65, 0x70, 0x61, 0x72, 0x61, 0x62,
    0x6c, 0x65, 0x5f, 0x63, 0x6f, 0x6e, 0x76, 0x32, 0x64, 0x5f, 0x31, 0x5f,
    0x32, 0x2f, 0x73, 0x65, 0x70, 0x61, 0x72, 0x61, 0x62, 0x6c, 0x65, 0x5f,
    0x63, 0x6f, 0x6e, 0x76, 0x32, 0x64, 0x3b, 0x63, 0x6c, 0x61, 0x73, 0x73,
    0x72, 0x6f, 0x6f, 0x6d, 0x5f, 0x61, 0x75, 0x64, 0x69, 0x6f, 0x5f, 0x34,
    0x63, 0x6c, 0x61, 0x73, 0x73, 0x65, 0x73, 0x5f, 0x37, 0x73, 0x5f, 0x31,
    0x2f, 0x62, 0x61, 0x74, 0x63, 0x68, 0x5f, 0x6e, 0x6f, 0x72, 0x6d, 0x61,
    0x6c, 0x69, 0x7a, 0x61, 0x74, 0x69, 0x6f, 0x6e, 0x5f, 0x32, 0x5f, 0x31,
    0x2f, 0x62, 0x61, 0x74, 0x63, 0x68, 0x6e, 0x6f, 0x72, 0x6d, 0x2f, 0x73,
    0x75, 0x62, 0x00, 0x00, 0x04, 0x00, 0x00, 0x00, 0x01, 0x00, 0x00, 0x00,
    0x0a, 0x00, 0x00, 0x00, 0x57, 0x00, 0x00, 0x00, 0x28, 0x00, 0x00, 0x00,
    0x9a, 0xda, 0xff, 0xff, 0x00, 0x00, 0x00, 0x01, 0x18, 0x00, 0x00, 0x00,
    0x28, 0x00, 0x00, 0x00, 0x48, 0x00, 0x00, 0x00, 0x1a, 0x00, 0x00, 0x00,
    0x00, 0x00, 0x00, 0x09, 0x90, 0x00, 0x00, 0x00, 0x04, 0x00, 0x00, 0x00,
    0xff, 0xff, 0xff, 0xff, 0x0a, 0x00, 0x00, 0x00, 0x57, 0x00, 0x00, 0x00,
    0x18, 0x00, 0x00, 0x00, 0x84, 0xda, 0xff, 0xff, 0x08, 0x00, 0x00, 0x00,
    0x14, 0x00, 0x00, 0x00, 0x01, 0x00, 0x00, 0x00, 0x11, 0x00, 0x00, 0x00,
    0x00, 0x00, 0x00, 0x00, 0x00, 0x00, 0x00, 0x00, 0x01, 0x00, 0x00, 0x00,
    0x40, 0x93, 0xe3, 0x3c, 0x4d, 0x00, 0x00, 0x00, 0x63, 0x6c, 0x61, 0x73,
    0x73, 0x72, 0x6f, 0x6f, 0x6d, 0x5f, 0x61, 0x75, 0x64, 0x69, 0x6f, 0x5f,
    0x34, 0x63, 0x6c, 0x61, 0x73, 0x73, 0x65, 0x73, 0x5f, 0x37, 0x73, 0x5f,
    0x31, 0x2f, 0x73, 0x65, 0x70, 0x61, 0x72, 0x61, 0x62, 0x6c, 0x65, 0x5f,
    0x63, 0x6f, 0x6e, 0x76, 0x32, 0x64, 0x5f, 0x31, 0x5f, 0x32, 0x2f, 0x73,
    0x65, 0x70, 0x61, 0x72, 0x61, 0x62, 0x6c, 0x65, 0x5f, 0x63, 0x6f, 0x6e,
    0x76, 0x32, 0x64, 0x2f, 0x64, 0x65, 0x70, 0x74, 0x68, 0x77, 0x69, 0x73,
    0x65, 0x00, 0x00, 0x00, 0x04, 0x00, 0x00, 0x00, 0x01, 0x00, 0x00, 0x00,
    0x0a, 0x00, 0x00, 0x00, 0x57, 0x00, 0x00, 0x00, 0x18, 0x00, 0x00, 0x00,
    0x5a, 0xdb, 0xff, 0xff, 0x00, 0x00, 0x00, 0x01, 0x18, 0x00, 0x00, 0x00,
    0x28, 0x00, 0x00, 0x00, 0x44, 0x00, 0x00, 0x00, 0x19, 0x00, 0x00, 0x00,
    0x00, 0x00, 0x00, 0x09, 0x78, 0x00, 0x00, 0x00, 0x04, 0x00, 0x00, 0x00,
    0xff, 0xff, 0xff, 0xff, 0x0a, 0x00, 0x00, 0x00, 0x57, 0x00, 0x00, 0x00,
    0x18, 0x00, 0x00, 0x00, 0x44, 0xdb, 0xff, 0xff, 0x08, 0x00, 0x00, 0x00,
    0x10, 0x00, 0x00, 0x00, 0x01, 0x00, 0x00, 0x00, 0x80, 0xff, 0xff, 0xff,
    0xff, 0xff, 0xff, 0xff, 0x01, 0x00, 0x00, 0x00, 0x01, 0xf8, 0x19, 0x3d,
    0x39, 0x00, 0x00, 0x00, 0x63, 0x6c, 0x61, 0x73, 0x73, 0x72, 0x6f, 0x6f,
    0x6d, 0x5f, 0x61, 0x75, 0x64, 0x69, 0x6f, 0x5f, 0x34, 0x63, 0x6c, 0x61,
    0x73, 0x73, 0x65, 0x73, 0x5f, 0x37, 0x73, 0x5f, 0x31, 0x2f, 0x6d, 0x61,
    0x78, 0x5f, 0x70, 0x6f, 0x6f, 0x6c, 0x69, 0x6e, 0x67, 0x32, 0x64, 0x5f,
    0x31, 0x5f, 0x32, 0x2f, 0x4d, 0x61, 0x78, 0x50, 0x6f, 0x6f, 0x6c, 0x32,
    0x64, 0x00, 0x00, 0x00, 0x04, 0x00, 0x00, 0x00, 0x01, 0x00, 0x00, 0x00,
    0x0a, 0x00, 0x00, 0x00, 0x57, 0x00, 0x00, 0x00, 0x18, 0x00, 0x00, 0x00,
    0x02, 0xdc, 0xff, 0xff, 0x00, 0x00, 0x00, 0x01, 0x18, 0x00, 0x00, 0x00,
    0x28, 0x00, 0x00, 0x00, 0x44, 0x00, 0x00, 0x00, 0x18, 0x00, 0x00, 0x00,
    0x00, 0x00, 0x00, 0x09, 0x38, 0x01, 0x00, 0x00, 0x04, 0x00, 0x00, 0x00,
    0xff, 0xff, 0xff, 0xff, 0x14, 0x00, 0x00, 0x00, 0xaf, 0x00, 0x00, 0x00,
    0x18, 0x00, 0x00, 0x00, 0xec, 0xdb, 0xff, 0xff, 0x08, 0x00, 0x00, 0x00,
    0x10, 0x00, 0x00, 0x00, 0x01, 0x00, 0x00, 0x00, 0x80, 0xff, 0xff, 0xff,
    0xff, 0xff, 0xff, 0xff, 0x01, 0x00, 0x00, 0x00, 0x01, 0xf8, 0x19, 0x3d,
    0xf8, 0x00, 0x00, 0x00, 0x63, 0x6c, 0x61, 0x73, 0x73, 0x72, 0x6f, 0x6f,
    0x6d, 0x5f, 0x61, 0x75, 0x64, 0x69, 0x6f, 0x5f, 0x34, 0x63, 0x6c, 0x61,
    0x73, 0x73, 0x65, 0x73, 0x5f, 0x37, 0x73, 0x5f, 0x31, 0x2f, 0x72, 0x65,
    0x5f, 0x6c, 0x75, 0x5f, 0x31, 0x5f, 0x32, 0x2f, 0x52, 0x65, 0x6c, 0x75,
    0x3b, 0x63, 0x6c, 0x61, 0x73, 0x73, 0x72, 0x6f, 0x6f, 0x6d, 0x5f, 0x61,
    0x75, 0x64, 0x69, 0x6f, 0x5f, 0x34, 0x63, 0x6c, 0x61, 0x73, 0x73, 0x65,
    0x73, 0x5f, 0x37, 0x73, 0x5f, 0x31, 0x2f, 0x62, 0x61, 0x74, 0x63, 0x68,
    0x5f, 0x6e, 0x6f, 0x72, 0x6d, 0x61, 0x6c, 0x69, 0x7a, 0x61, 0x74, 0x69,
    0x6f, 0x6e, 0x5f, 0x31, 0x5f, 0x32, 0x2f, 0x62, 0x61, 0x74, 0x63, 0x68,
    0x6e, 0x6f, 0x72, 0x6d, 0x2f, 0x61, 0x64, 0x64, 0x5f, 0x31, 0x3b, 0x63,
    0x6c, 0x61, 0x73, 0x73, 0x72, 0x6f, 0x6f, 0x6d, 0x5f, 0x61, 0x75, 0x64,
    0x69, 0x6f, 0x5f, 0x34, 0x63, 0x6c, 0x61, 0x73, 0x73, 0x65, 0x73, 0x5f,
    0x37, 0x73, 0x5f, 0x31, 0x2f, 0x73, 0x65, 0x70, 0x61, 0x72, 0x61, 0x62,
    0x6c, 0x65, 0x5f, 0x63, 0x6f, 0x6e, 0x76, 0x32, 0x64, 0x5f, 0x31, 0x2f,
    0x73, 0x65, 0x70, 0x61, 0x72, 0x61, 0x62, 0x6c, 0x65, 0x5f, 0x63, 0x6f,
    0x6e, 0x76, 0x32, 0x64, 0x3b, 0x63, 0x6c, 0x61, 0x73, 0x73, 0x72, 0x6f,
    0x6f, 0x6d, 0x5f, 0x61, 0x75, 0x64, 0x69, 0x6f, 0x5f, 0x34, 0x63, 0x6c,
    0x61, 0x73, 0x73, 0x65, 0x73, 0x5f, 0x37, 0x73, 0x5f, 0x31, 0x2f, 0x62,
    0x61, 0x74, 0x63, 0x68, 0x5f, 0x6e, 0x6f, 0x72, 0x6d, 0x61, 0x6c, 0x69,
    0x7a, 0x61, 0x74, 0x69, 0x6f, 0x6e, 0x5f, 0x31, 0x5f, 0x32, 0x2f, 0x62,
    0x61, 0x74, 0x63, 0x68, 0x6e, 0x6f, 0x72, 0x6d, 0x2f, 0x73, 0x75, 0x62,
    0x00, 0x00, 0x00, 0x00, 0x04, 0x00, 0x00, 0x00, 0x01, 0x00, 0x00, 0x00,
    0x14, 0x00, 0x00, 0x00, 0xaf, 0x00, 0x00, 0x00, 0x18, 0x00, 0x00, 0x00,
    0x6a, 0xdd, 0xff, 0xff, 0x00, 0x00, 0x00, 0x01, 0x18, 0x00, 0x00, 0x00,
    0x28, 0x00, 0x00, 0x00, 0x44, 0x00, 0x00, 0x00, 0x17, 0x00, 0x00, 0x00,
    0x00, 0x00, 0x00, 0x09, 0x88, 0x00, 0x00, 0x00, 0x04, 0x00, 0x00, 0x00,
    0xff, 0xff, 0xff, 0xff, 0x14, 0x00, 0x00, 0x00, 0xaf, 0x00, 0x00, 0x00,
    0x0c, 0x00, 0x00, 0x00, 0x54, 0xdd, 0xff, 0xff, 0x08, 0x00, 0x00, 0x00,
    0x10, 0x00, 0x00, 0x00, 0x01, 0x00, 0x00, 0x00, 0xf2, 0xff, 0xff, 0xff,
    0xff, 0xff, 0xff, 0xff, 0x01, 0x00, 0x00, 0x00, 0x74, 0x7a, 0x0b, 0x3d,
    0x4b, 0x00, 0x00, 0x00, 0x63, 0x6c, 0x61, 0x73, 0x73, 0x72, 0x6f, 0x6f,
    0x6d, 0x5f, 0x61, 0x75, 0x64, 0x69, 0x6f, 0x5f, 0x34, 0x63, 0x6c, 0x61,
    0x73, 0x73, 0x65, 0x73, 0x5f, 0x37, 0x73, 0x5f, 0x31, 0x2f, 0x73, 0x65,
    0x70, 0x61, 0x72, 0x61, 0x62, 0x6c, 0x65, 0x5f, 0x63, 0x6f, 0x6e, 0x76,
    0x32, 0x64, 0x5f, 0x31, 0x2f, 0x73, 0x65, 0x70, 0x61, 0x72, 0x61, 0x62,
    0x6c, 0x65, 0x5f, 0x63, 0x6f, 0x6e, 0x76, 0x32, 0x64, 0x2f, 0x64, 0x65,
    0x70, 0x74, 0x68, 0x77, 0x69, 0x73, 0x65, 0x00, 0x04, 0x00, 0x00, 0x00,
    0x01, 0x00, 0x00, 0x00, 0x14, 0x00, 0x00, 0x00, 0xaf, 0x00, 0x00, 0x00,
    0x0c, 0x00, 0x00, 0x00, 0x22, 0xde, 0xff, 0xff, 0x00, 0x00, 0x00, 0x01,
    0x18, 0x00, 0x00, 0x00, 0x28, 0x00, 0x00, 0x00, 0x48, 0x00, 0x00, 0x00,
    0x16, 0x00, 0x00, 0x00, 0x00, 0x00, 0x00, 0x09, 0x78, 0x00, 0x00, 0x00,
    0x04, 0x00, 0x00, 0x00, 0xff, 0xff, 0xff, 0xff, 0x14, 0x00, 0x00, 0x00,
    0xaf, 0x00, 0x00, 0x00, 0x0c, 0x00, 0x00, 0x00, 0x0c, 0xde, 0xff, 0xff,
    0x08, 0x00, 0x00, 0x00, 0x14, 0x00, 0x00, 0x00, 0x01, 0x00, 0x00, 0x00,
    0x80, 0xff, 0xff, 0xff, 0xff, 0xff, 0xff, 0xff, 0x00, 0x00, 0x00, 0x00,
    0x01, 0x00, 0x00, 0x00, 0xce, 0x8e, 0x09, 0x3d, 0x37, 0x00, 0x00, 0x00,
    0x63, 0x6c, 0x61, 0x73, 0x73, 0x72, 0x6f, 0x6f, 0x6d, 0x5f, 0x61, 0x75,
    0x64, 0x69, 0x6f, 0x5f, 0x34, 0x63, 0x6c, 0x61, 0x73, 0x73, 0x65, 0x73,
    0x5f, 0x37, 0x73, 0x5f, 0x31, 0x2f, 0x6d, 0x61, 0x78, 0x5f, 0x70, 0x6f,
    0x6f, 0x6c, 0x69, 0x6e, 0x67, 0x32, 0x64, 0x5f, 0x31, 0x2f, 0x4d, 0x61,
    0x78, 0x50, 0x6f, 0x6f, 0x6c, 0x32, 0x64, 0x00, 0x04, 0x00, 0x00, 0x00,
    0x01, 0x00, 0x00, 0x00, 0x14, 0x00, 0x00, 0x00, 0xaf, 0x00, 0x00, 0x00,
    0x0c, 0x00, 0x00, 0x00, 0xca, 0xde, 0xff, 0xff, 0x00, 0x00, 0x00, 0x01,
    0x18, 0x00, 0x00, 0x00, 0x28, 0x00, 0x00, 0x00, 0x48, 0x00, 0x00, 0x00,
    0x15, 0x00, 0x00, 0x00, 0x00, 0x00, 0x00, 0x09, 0x28, 0x01, 0x00, 0x00,
    0x04, 0x00, 0x00, 0x00, 0xff, 0xff, 0xff, 0xff, 0x28, 0x00, 0x00, 0x00,
    0x5f, 0x01, 0x00, 0x00, 0x0c, 0x00, 0x00, 0x00, 0xb4, 0xde, 0xff, 0xff,
    0x08, 0x00, 0x00, 0x00, 0x14, 0x00, 0x00, 0x00, 0x01, 0x00, 0x00, 0x00,
    0x80, 0xff, 0xff, 0xff, 0xff, 0xff, 0xff, 0xff, 0x00, 0x00, 0x00, 0x00,
    0x01, 0x00, 0x00, 0x00, 0xce, 0x8e, 0x09, 0x3d, 0xe4, 0x00, 0x00, 0x00,
    0x63, 0x6c, 0x61, 0x73, 0x73, 0x72, 0x6f, 0x6f, 0x6d, 0x5f, 0x61, 0x75,
    0x64, 0x69, 0x6f, 0x5f, 0x34, 0x63, 0x6c, 0x61, 0x73, 0x73, 0x65, 0x73,
    0x5f, 0x37, 0x73, 0x5f, 0x31, 0x2f, 0x72, 0x65, 0x5f, 0x6c, 0x75, 0x5f,
    0x31, 0x2f, 0x52, 0x65, 0x6c, 0x75, 0x3b, 0x63, 0x6c, 0x61, 0x73, 0x73,
    0x72, 0x6f, 0x6f, 0x6d, 0x5f, 0x61, 0x75, 0x64, 0x69, 0x6f, 0x5f, 0x34,
    0x63, 0x6c, 0x61, 0x73, 0x73, 0x65, 0x73, 0x5f, 0x37, 0x73, 0x5f, 0x31,
    0x2f, 0x62, 0x61, 0x74, 0x63, 0x68, 0x5f, 0x6e, 0x6f, 0x72, 0x6d, 0x61,
    0x6c, 0x69, 0x7a, 0x61, 0x74, 0x69, 0x6f, 0x6e, 0x5f, 0x31, 0x2f, 0x62,
    0x61, 0x74, 0x63, 0x68, 0x6e, 0x6f, 0x72, 0x6d, 0x2f, 0x61, 0x64, 0x64,
    0x5f, 0x31, 0x3b, 0x63, 0x6c, 0x61, 0x73, 0x73, 0x72, 0x6f, 0x6f, 0x6d,
    0x5f, 0x61, 0x75, 0x64, 0x69, 0x6f, 0x5f, 0x34, 0x63, 0x6c, 0x61, 0x73,
    0x73, 0x65, 0x73, 0x5f, 0x37, 0x73, 0x5f, 0x31, 0x2f, 0x63, 0x6f, 0x6e,
    0x76, 0x32, 0x64, 0x5f, 0x31, 0x2f, 0x63, 0x6f, 0x6e, 0x76, 0x6f, 0x6c,
    0x75, 0x74, 0x69, 0x6f, 0x6e, 0x3b, 0x63, 0x6c, 0x61, 0x73, 0x73, 0x72,
    0x6f, 0x6f, 0x6d, 0x5f, 0x61, 0x75, 0x64, 0x69, 0x6f, 0x5f, 0x34, 0x63,
    0x6c, 0x61, 0x73, 0x73, 0x65, 0x73, 0x5f, 0x37, 0x73, 0x5f, 0x31, 0x2f,
    0x62, 0x61, 0x74, 0x63, 0x68, 0x5f, 0x6e, 0x6f, 0x72, 0x6d, 0x61, 0x6c,
    0x69, 0x7a, 0x61, 0x74, 0x69, 0x6f, 0x6e, 0x5f, 0x31, 0x2f, 0x62, 0x61,
    0x74, 0x63, 0x68, 0x6e, 0x6f, 0x72, 0x6d, 0x2f, 0x73, 0x75, 0x62, 0x31,
    0x00, 0x00, 0x00, 0x00, 0x04, 0x00, 0x00, 0x00, 0x01, 0x00, 0x00, 0x00,
    0x28, 0x00, 0x00, 0x00, 0x5f, 0x01, 0x00, 0x00, 0x0c, 0x00, 0x00, 0x00,
    0x7a, 0xe0, 0xff, 0xff, 0x00, 0x00, 0x00, 0x01, 0x14, 0x00, 0x00, 0x00,
    0xb8, 0x00, 0x00, 0x00, 0x14, 0x00, 0x00, 0x00, 0x00, 0x00, 0x00, 0x09,
    0xc4, 0x00, 0x00, 0x00, 0xf4, 0xdf, 0xff, 0xff, 0x08, 0x00, 0x00, 0x00,
    0x6c, 0x00, 0x00, 0x00, 0x0c, 0x00, 0x00, 0x00, 0x00, 0x00, 0x00, 0x00,
    0x00, 0x00, 0x00, 0x00, 0x00, 0x00, 0x00, 0x00, 0x00, 0x00, 0x00, 0x00,
    0x00, 0x00, 0x00, 0x00, 0x00, 0x00, 0x00, 0x00, 0x00, 0x00, 0x00, 0x00,
    0x00, 0x00, 0x00, 0x00, 0x00, 0x00, 0x00, 0x00, 0x00, 0x00, 0x00, 0x00,
    0x00, 0x00, 0x00, 0x00, 0x00, 0x00, 0x00, 0x00, 0x00, 0x00, 0x00, 0x00,
    0x00, 0x00, 0x00, 0x00, 0x00, 0x00, 0x00, 0x00, 0x00, 0x00, 0x00, 0x00,
    0x00, 0x00, 0x00, 0x00, 0x00, 0x00, 0x00, 0x00, 0x00, 0x00, 0x00, 0x00,
    0x00, 0x00, 0x00, 0x00, 0x00, 0x00, 0x00, 0x00, 0x00, 0x00, 0x00, 0x00,
    0x00, 0x00, 0x00, 0x00, 0x00, 0x00, 0x00, 0x00, 0x00, 0x00, 0x00, 0x00,
    0x0c, 0x00, 0x00, 0x00, 0x0c, 0x6e, 0xa2, 0x3c, 0x03, 0x89, 0x21, 0x3c,
    0x65, 0xf7, 0xa6, 0x3b, 0x9d, 0x1d, 0x07, 0x3c, 0x28, 0x14, 0xae, 0x3c,
    0x63, 0x84, 0x44, 0x3c, 0x12, 0xe2, 0xb1, 0x3b, 0x67, 0x2f, 0xc6, 0x3c,
    0x76, 0xfc, 0x82, 0x3c, 0x4e, 0xde, 0x9a, 0x3c, 0x85, 0xba, 0x5f, 0x3c,
    0x9f, 0x0d, 0xdf, 0x3b, 0x13, 0x00, 0x00, 0x00, 0x74, 0x66, 0x6c, 0x2e,
    0x70, 0x73, 0x65, 0x75, 0x64, 0x6f, 0x5f, 0x71, 0x63, 0x6f, 0x6e, 0x73,
    0x74, 0x31, 0x37, 0x00, 0x04, 0x00, 0x00, 0x00, 0x0c, 0x00, 0x00, 0x00,
    0x05, 0x00, 0x00, 0x00, 0x05, 0x00, 0x00, 0x00, 0x01, 0x00, 0x00, 0x00,
    0x6a, 0xe1, 0xff, 0xff, 0x00, 0x00, 0x00, 0x01, 0x14, 0x00, 0x00, 0x00,
    0xb8, 0x00, 0x00, 0x00, 0x13, 0x00, 0x00, 0x00, 0x00, 0x00, 0x00, 0x02,
    0xc4, 0x00, 0x00, 0x00, 0xe4, 0xe0, 0xff, 0xff, 0x08, 0x00, 0x00, 0x00,
    0x6c, 0x00, 0x00, 0x00, 0x0c, 0x00, 0x00, 0x00, 0x00, 0x00, 0x00, 0x00,
    0x00, 0x00, 0x00, 0x00, 0x00, 0x00, 0x00, 0x00, 0x00, 0x00, 0x00, 0x00,
    0x00, 0x00, 0x00, 0x00, 0x00, 0x00, 0x00, 0x00, 0x00, 0x00, 0x00, 0x00,
    0x00, 0x00, 0x00, 0x00, 0x00, 0x00, 0x00, 0x00, 0x00, 0x00, 0x00, 0x00,
    0x00, 0x00, 0x00, 0x00, 0x00, 0x00, 0x00, 0x00, 0x00, 0x00, 0x00, 0x00,
    0x00, 0x00, 0x00, 0x00, 0x00, 0x00, 0x00, 0x00, 0x00, 0x00, 0x00, 0x00,
    0x00, 0x00, 0x00, 0x00, 0x00, 0x00, 0x00, 0x00, 0x00, 0x00, 0x00, 0x00,
    0x00, 0x00, 0x00, 0x00, 0x00, 0x00, 0x00, 0x00, 0x00, 0x00, 0x00, 0x00,
    0x00, 0x00, 0x00, 0x00, 0x00, 0x00, 0x00, 0x00, 0x00, 0x00, 0x00, 0x00,
    0x0c, 0x00, 0x00, 0x00, 0x1e, 0x11, 0xa3, 0x38, 0x2f, 0x2b, 0x22, 0x38,
    0x05, 0x9f, 0xa7, 0x37, 0x43, 0xa5, 0x07, 0x38, 0xec, 0xc2, 0xae, 0x38,
    0xad, 0x49, 0x45, 0x38, 0xa7, 0x94, 0xb2, 0x37, 0x5e, 0xf6, 0xc6, 0x38,
    0xf6, 0x7f, 0x83, 0x38, 0xc8, 0x79, 0x9b, 0x38, 0x21, 0x9b, 0x60, 0x38,
    0x8d, 0xed, 0xdf, 0x37, 0x13, 0x00, 0x00, 0x00, 0x74, 0x66, 0x6c, 0x2e,
    0x70, 0x73, 0x65, 0x75, 0x64, 0x6f, 0x5f, 0x71, 0x63, 0x6f, 0x6e, 0x73,
    0x74, 0x31, 0x36, 0x00, 0x01, 0x00, 0x00, 0x00, 0x0c, 0x00, 0x00, 0x00,
    0x4e, 0xe2, 0xff, 0xff, 0x00, 0x00, 0x00, 0x01, 0x14, 0x00, 0x00, 0x00,
    0xbc, 0x00, 0x00, 0x00, 0x12, 0x00, 0x00, 0x00, 0x00, 0x00, 0x00, 0x09,
    0xc8, 0x00, 0x00, 0x00, 0xba, 0xf3, 0xff, 0xff, 0x03, 0x00, 0x00, 0x00,
    0x08, 0x00, 0x00, 0x00, 0x6c, 0x00, 0x00, 0x00, 0x0c, 0x00, 0x00, 0x00,
    0x00, 0x00, 0x00, 0x00, 0x00, 0x00, 0x00, 0x00, 0x00, 0x00, 0x00, 0x00,
    0x00, 0x00, 0x00, 0x00, 0x00, 0x00, 0x00, 0x00, 0x00, 0x00, 0x00, 0x00,
    0x00, 0x00, 0x00, 0x00, 0x00, 0x00, 0x00, 0x00, 0x00, 0x00, 0x00, 0x00,
    0x00, 0x00, 0x00, 0x00, 0x00, 0x00, 0x00, 0x00, 0x00, 0x00, 0x00, 0x00,
    0x00, 0x00, 0x00, 0x00, 0x00, 0x00, 0x00, 0x00, 0x00, 0x00, 0x00, 0x00,
    0x00, 0x00, 0x00, 0x00, 0x00, 0x00, 0x00, 0x00, 0x00, 0x00, 0x00, 0x00,
    0x00, 0x00, 0x00, 0x00, 0x00, 0x00, 0x00, 0x00, 0x00, 0x00, 0x00, 0x00,
    0x00, 0x00, 0x00, 0x00, 0x00, 0x00, 0x00, 0x00, 0x00, 0x00, 0x00, 0x00,
    0x00, 0x00, 0x00, 0x00, 0x0c, 0x00, 0x00, 0x00, 0x8e, 0xfc, 0xf5, 0x3a,
    0xbe, 0x3d, 0x2d, 0x3b, 0x3e, 0x2d, 0xec, 0x3a, 0xaf, 0x92, 0xa9, 0x3a,
    0x7a, 0x24, 0x14, 0x3b, 0x14, 0x40, 0x08, 0x3b, 0xe4, 0x85, 0xe4, 0x3a,
    0xa0, 0xf2, 0xf2, 0x3a, 0x7c, 0x5c, 0xe1, 0x3a, 0x84, 0x03, 0x04, 0x3b,
    0xd7, 0xa0, 0xe1, 0x3a, 0x9c, 0x0c, 0x1e, 0x3b, 0x13, 0x00, 0x00, 0x00,
    0x74, 0x66, 0x6c, 0x2e, 0x70, 0x73, 0x65, 0x75, 0x64, 0x6f, 0x5f, 0x71,
    0x63, 0x6f, 0x6e, 0x73, 0x74, 0x31, 0x35, 0x00, 0x04, 0x00, 0x00, 0x00,
    0x01, 0x00, 0x00, 0x00, 0x03, 0x00, 0x00, 0x00, 0x03, 0x00, 0x00, 0x00,
    0x0c, 0x00, 0x00, 0x00, 0x42, 0xe3, 0xff, 0xff, 0x00, 0x00, 0x00, 0x01,
    0x14, 0x00, 0x00, 0x00, 0xb4, 0x00, 0x00, 0x00, 0x11, 0x00, 0x00, 0x00,
    0x00, 0x00, 0x00, 0x02, 0xc0, 0x00, 0x00, 0x00, 0xbc, 0xe2, 0xff, 0xff,
    0x08, 0x00, 0x00, 0x00, 0x68, 0x00, 0x00, 0x00, 0x0c, 0x00, 0x00, 0x00,
    0x00, 0x00, 0x00, 0x00, 0x00, 0x00, 0x00, 0x00, 0x00, 0x00, 0x00, 0x00,
    0x00, 0x00, 0x00, 0x00, 0x00, 0x00, 0x00, 0x00, 0x00, 0x00, 0x00, 0x00,
    0x00, 0x00, 0x00, 0x00, 0x00, 0x00, 0x00, 0x00, 0x00, 0x00, 0x00, 0x00,
    0x00, 0x00, 0x00, 0x00, 0x00, 0x00, 0x00, 0x00, 0x00, 0x00, 0x00, 0x00,
    0x00, 0x00, 0x00, 0x00, 0x00, 0x00, 0x00, 0x00, 0x00, 0x00, 0x00, 0x00,
    0x00, 0x00, 0x00, 0x00, 0x00, 0x00, 0x00, 0x00, 0x00, 0x00, 0x00, 0x00,
    0x00, 0x00, 0x00, 0x00, 0x00, 0x00, 0x00, 0x00, 0x00, 0x00, 0x00, 0x00,
    0x00, 0x00, 0x00, 0x00, 0x00, 0x00, 0x00, 0x00, 0x00, 0x00, 0x00, 0x00,
    0x0c, 0x00, 0x00, 0x00, 0x60, 0x2d, 0x84, 0x38, 0x5d, 0x2d, 0xba, 0x38,
    0xeb, 0xcf, 0x7d, 0x38, 0x2f, 0x3c, 0x36, 0x38, 0x51, 0x34, 0x9f, 0x38,
    0x98, 0x6c, 0x92, 0x38, 0x42, 0x96, 0x75, 0x38, 0x5e, 0x8b, 0x82, 0x38,
    0x6a, 0x30, 0x72, 0x38, 0x0c, 0xdf, 0x8d, 0x38, 0xe0, 0x79, 0x72, 0x38,
    0xd3, 0xd9, 0xa9, 0x38, 0x13, 0x00, 0x00, 0x00, 0x74, 0x66, 0x6c, 0x2e,
    0x70, 0x73, 0x65, 0x75, 0x64, 0x6f, 0x5f, 0x71, 0x63, 0x6f, 0x6e, 0x73,
    0x74, 0x31, 0x34, 0x00, 0x01, 0x00, 0x00, 0x00, 0x0c, 0x00, 0x00, 0x00,
    0x22, 0xe4, 0xff, 0xff, 0x00, 0x00, 0x00, 0x01, 0x14, 0x00, 0x00, 0x00,
    0x48, 0x01, 0x00, 0x00, 0x10, 0x00, 0x00, 0x00, 0x00, 0x00, 0x00, 0x09,
    0x54, 0x01, 0x00, 0x00, 0x9c, 0xe3, 0xff, 0xff, 0x08, 0x00, 0x00, 0x00,
    0xcc, 0x00, 0x00, 0x00, 0x18, 0x00, 0x00, 0x00, 0x00, 0x00, 0x00, 0x00,
    0x00, 0x00, 0x00, 0x00, 0x00, 0x00, 0x00, 0x00, 0x00, 0x00, 0x00, 0x00,
    0x00, 0x00, 0x00, 0x00, 0x00, 0x00, 0x00, 0x00, 0x00, 0x00, 0x00, 0x00,
    0x00, 0x00, 0x00, 0x00, 0x00, 0x00, 0x00, 0x00, 0x00, 0x00, 0x00, 0x00,
    0x00, 0x00, 0x00, 0x00, 0x00, 0x00, 0x00, 0x00, 0x00, 0x00, 0x00, 0x00,
    0x00, 0x00, 0x00, 0x00, 0x00, 0x00, 0x00, 0x00, 0x00, 0x00, 0x00, 0x00,
    0x00, 0x00, 0x00, 0x00, 0x00, 0x00, 0x00, 0x00, 0x00, 0x00, 0x00, 0x00,
    0x00, 0x00, 0x00, 0x00, 0x00, 0x00, 0x00, 0x00, 0x00, 0x00, 0x00, 0x00,
    0x00, 0x00, 0x00, 0x00, 0x00, 0x00, 0x00, 0x00, 0x00, 0x00, 0x00, 0x00,
    0x00, 0x00, 0x00, 0x00, 0x00, 0x00, 0x00, 0x00, 0x00, 0x00, 0x00, 0x00,
    0x00, 0x00, 0x00, 0x00, 0x00, 0x00, 0x00, 0x00, 0x00, 0x00, 0x00, 0x00,
    0x00, 0x00, 0x00, 0x00, 0x00, 0x00, 0x00, 0x00, 0x00, 0x00, 0x00, 0x00,
    0x00, 0x00, 0x00, 0x00, 0x00, 0x00, 0x00, 0x00, 0x00, 0x00, 0x00, 0x00,
    0x00, 0x00, 0x00, 0x00, 0x00, 0x00, 0x00, 0x00, 0x00, 0x00, 0x00, 0x00,
    0x00, 0x00, 0x00, 0x00, 0x00, 0x00, 0x00, 0x00, 0x00, 0x00, 0x00, 0x00,
    0x00, 0x00, 0x00, 0x00, 0x00, 0x00, 0x00, 0x00, 0x00, 0x00, 0x00, 0x00,
    0x00, 0x00, 0x00, 0x00, 0x00, 0x00, 0x00, 0x00, 0x00, 0x00, 0x00, 0x00,
    0x18, 0x00, 0x00, 0x00, 0x64, 0x6e, 0x81, 0x3c, 0x22, 0xe0, 0x81, 0x3c,
    0x41, 0xe1, 0x87, 0x3c, 0x1b, 0xfc, 0x89, 0x3c, 0x9a, 0x18, 0x66, 0x3c,
    0xeb, 0xc4, 0x8c, 0x3c, 0x0b, 0x2d, 0x84, 0x3c, 0x8a, 0x4a, 0x8c, 0x3c,
    0xf1, 0x7d, 0xba, 0x3c, 0x5f, 0x17, 0x73, 0x3c, 0xf2, 0xad, 0x44, 0x3c,
    0x53, 0xa8, 0x28, 0x3c, 0xd9, 0x72, 0x83, 0x3c, 0x67, 0x6a, 0x9f, 0x3c,
    0xee, 0x26, 0x62, 0x3c, 0xbf, 0xd2, 0xd2, 0x3c, 0x8a, 0x3a, 0x98, 0x3c,
    0xd9, 0x94, 0x77, 0x3c, 0x7e, 0x3c, 0x59, 0x3c, 0xe9, 0x89, 0x67, 0x3c,
    0xbb, 0x35, 0xc0, 0x3c, 0x41, 0xdc, 0x90, 0x3c, 0x41, 0x86, 0x9a, 0x3c,
    0x5d, 0xbb, 0x5e, 0x3c, 0x13, 0x00, 0x00, 0x00, 0x74, 0x66, 0x6c, 0x2e,
    0x70, 0x73, 0x65, 0x75, 0x64, 0x6f, 0x5f, 0x71, 0x63, 0x6f, 0x6e, 0x73,
    0x74, 0x31, 0x33, 0x00, 0x04, 0x00, 0x00, 0x00, 0x18, 0x00, 0x00, 0x00,
    0x01, 0x00, 0x00, 0x00, 0x01, 0x00, 0x00, 0x00, 0x0c, 0x00, 0x00, 0x00,
    0xa2, 0xe5, 0xff, 0xff, 0x00, 0x00, 0x00, 0x01, 0x14, 0x00, 0x00, 0x00,
    0x48, 0x01, 0x00, 0x00, 0x0f, 0x00, 0x00, 0x00, 0x00, 0x00, 0x00, 0x02,
    0x54, 0x01, 0x00, 0x00, 0x1c, 0xe5, 0xff, 0xff, 0x08, 0x00, 0x00, 0x00,
    0xcc, 0x00, 0x00, 0x00, 0x18, 0x00, 0x00, 0x00, 0x00, 0x00, 0x00, 0x00,
    0x00, 0x00, 0x00, 0x00, 0x00, 0x00, 0x00, 0x00, 0x00, 0x00, 0x00, 0x00,
    0x00, 0x00, 0x00, 0x00, 0x00, 0x00, 0x00, 0x00, 0x00, 0x00, 0x00, 0x00,
    0x00, 0x00, 0x00, 0x00, 0x00, 0x00, 0x00, 0x00, 0x00, 0x00, 0x00, 0x00,
    0x00, 0x00, 0x00, 0x00, 0x00, 0x00, 0x00, 0x00, 0x00, 0x00, 0x00, 0x00,
    0x00, 0x00, 0x00, 0x00, 0x00, 0x00, 0x00, 0x00, 0x00, 0x00, 0x00, 0x00,
    0x00, 0x00, 0x00, 0x00, 0x00, 0x00, 0x00, 0x00, 0x00, 0x00, 0x00, 0x00,
    0x00, 0x00, 0x00, 0x00, 0x00, 0x00, 0x00, 0x00, 0x00, 0x00, 0x00, 0x00,
    0x00, 0x00, 0x00, 0x00, 0x00, 0x00, 0x00, 0x00, 0x00, 0x00, 0x00, 0x00,
    0x00, 0x00, 0x00, 0x00, 0x00, 0x00, 0x00, 0x00, 0x00, 0x00, 0x00, 0x00,
    0x00, 0x00, 0x00, 0x00, 0x00, 0x00, 0x00, 0x00, 0x00, 0x00, 0x00, 0x00,
    0x00, 0x00, 0x00, 0x00, 0x00, 0x00, 0x00, 0x00, 0x00, 0x00, 0x00, 0x00,
    0x00, 0x00, 0x00, 0x00, 0x00, 0x00, 0x00, 0x00, 0x00, 0x00, 0x00, 0x00,
    0x00, 0x00, 0x00, 0x00, 0x00, 0x00, 0x00, 0x00, 0x00, 0x00, 0x00, 0x00,
    0x00, 0x00, 0x00, 0x00, 0x00, 0x00, 0x00, 0x00, 0x00, 0x00, 0x00, 0x00,
    0x00, 0x00, 0x00, 0x00, 0x00, 0x00, 0x00, 0x00, 0x00, 0x00, 0x00, 0x00,
    0x00, 0x00, 0x00, 0x00, 0x00, 0x00, 0x00, 0x00, 0x00, 0x00, 0x00, 0x00,
    0x18, 0x00, 0x00, 0x00, 0xb3, 0x09, 0x0d, 0x3a, 0xa4, 0x85, 0x0d, 0x3a,
    0x9a, 0x10, 0x14, 0x3a, 0xc7, 0x5b, 0x16, 0x3a, 0xd7, 0xba, 0xfa, 0x39,
    0x82, 0x64, 0x19, 0x3a, 0x5d, 0x07, 0x10, 0x3a, 0x28, 0xdf, 0x18, 0x3a,
    0x2d, 0x37, 0x4b, 0x3a, 0xf8, 0x71, 0x04, 0x3a, 0x0d, 0x51, 0xd6, 0x39,
    0x23, 0xc8, 0xb7, 0x39, 0x78, 0x3c, 0x0f, 0x3a, 0x0e, 0xb6, 0x2d, 0x3a,
    0xa1, 0x6e, 0xf6, 0x39, 0x8b, 0xba, 0x65, 0x3a, 0x34, 0xe1, 0x25, 0x3a,
    0x3f, 0xe4, 0x06, 0x3a, 0x83, 0xb7, 0xec, 0x39, 0x44, 0x4d, 0xfc, 0x39,
    0x3a, 0x72, 0x51, 0x3a, 0xc4, 0xd9, 0x1d, 0x3a, 0x9f, 0x61, 0x28, 0x3a,
    0x8b, 0xb4, 0xf2, 0x39, 0x13, 0x00, 0x00, 0x00, 0x74, 0x66, 0x6c, 0x2e,
    0x70, 0x73, 0x65, 0x75, 0x64, 0x6f, 0x5f, 0x71, 0x63, 0x6f, 0x6e, 0x73,
    0x74, 0x31, 0x32, 0x00, 0x01, 0x00, 0x00, 0x00, 0x18, 0x00, 0x00, 0x00,
    0x16, 0xe7, 0xff, 0xff, 0x00, 0x00, 0x00, 0x01, 0x14, 0x00, 0x00, 0x00,
    0x4c, 0x01, 0x00, 0x00, 0x0e, 0x00, 0x00, 0x00, 0x00, 0x00, 0x00, 0x09,
    0x58, 0x01, 0x00, 0x00, 0x82, 0xf8, 0xff, 0xff, 0x03, 0x00, 0x00, 0x00,
    0x08, 0x00, 0x00, 0x00, 0xcc, 0x00, 0x00, 0x00, 0x18, 0x00, 0x00, 0x00,
    0x00, 0x00, 0x00, 0x00, 0x00, 0x00, 0x00, 0x00, 0x00, 0x00, 0x00, 0x00,
    0x00, 0x00, 0x00, 0x00, 0x00, 0x00, 0x00, 0x00, 0x00, 0x00, 0x00, 0x00,
    0x00, 0x00, 0x00, 0x00, 0x00, 0x00, 0x00, 0x00, 0x00, 0x00, 0x00, 0x00,
    0x00, 0x00, 0x00, 0x00, 0x00, 0x00, 0x00, 0x00, 0x00, 0x00, 0x00, 0x00,
    0x00, 0x00, 0x00, 0x00, 0x00, 0x00, 0x00, 0x00, 0x00, 0x00, 0x00, 0x00,
    0x00, 0x00, 0x00, 0x00, 0x00, 0x00, 0x00, 0x00, 0x00, 0x00, 0x00, 0x00,
    0x00, 0x00, 0x00, 0x00, 0x00, 0x00, 0x00, 0x00, 0x00, 0x00, 0x00, 0x00,
    0x00, 0x00, 0x00, 0x00, 0x00, 0x00, 0x00, 0x00, 0x00, 0x00, 0x00, 0x00,
    0x00, 0x00, 0x00, 0x00, 0x00, 0x00, 0x00, 0x00, 0x00, 0x00, 0x00, 0x00,
    0x00, 0x00, 0x00, 0x00, 0x00, 0x00, 0x00, 0x00, 0x00, 0x00, 0x00, 0x00,
    0x00, 0x00, 0x00, 0x00, 0x00, 0x00, 0x00, 0x00, 0x00, 0x00, 0x00, 0x00,
    0x00, 0x00, 0x00, 0x00, 0x00, 0x00, 0x00, 0x00, 0x00, 0x00, 0x00, 0x00,
    0x00, 0x00, 0x00, 0x00, 0x00, 0x00, 0x00, 0x00, 0x00, 0x00, 0x00, 0x00,
    0x00, 0x00, 0x00, 0x00, 0x00, 0x00, 0x00, 0x00, 0x00, 0x00, 0x00, 0x00,
    0x00, 0x00, 0x00, 0x00, 0x00, 0x00, 0x00, 0x00, 0x00, 0x00, 0x00, 0x00,
    0x00, 0x00, 0x00, 0x00, 0x00, 0x00, 0x00, 0x00, 0x00, 0x00, 0x00, 0x00,
    0x00, 0x00, 0x00, 0x00, 0x18, 0x00, 0x00, 0x00, 0x0a, 0xf7, 0xb8, 0x3a,
    0xa5, 0x2c, 0xb4, 0x3a, 0xbf, 0x9e, 0x8f, 0x3a, 0x07, 0x27, 0xc5, 0x3a,
    0x23, 0xf4, 0xc9, 0x3a, 0x63, 0x7e, 0xa0, 0x3a, 0x2e, 0xc7, 0xb1, 0x3a,
    0x18, 0x67, 0xcd, 0x3a, 0x83, 0x89, 0xc5, 0x3a, 0xc8, 0x8e, 0x00, 0x3b,
    0x7f, 0xe0, 0xbc, 0x3a, 0xcc, 0x2e, 0xc1, 0x3a, 0x00, 0x75, 0xec, 0x3a,
    0xd9, 0xe0, 0x96, 0x3a, 0x6e, 0xe7, 0x83, 0x3a, 0x84, 0x19, 0x49, 0x3a,
    0x10, 0x20, 0xbb, 0x3a, 0x1d, 0xbf, 0xc3, 0x3a, 0xeb, 0x38, 0xac, 0x3a,
    0xe4, 0x9d, 0x07, 0x3b, 0xf5, 0x4b, 0xa6, 0x3a, 0x95, 0x49, 0xb0, 0x3a,
    0x3e, 0xd8, 0xb0, 0x3a, 0x0a, 0xf0, 0xb2, 0x3a, 0x13, 0x00, 0x00, 0x00,
    0x74, 0x66, 0x6c, 0x2e, 0x70, 0x73, 0x65, 0x75, 0x64, 0x6f, 0x5f, 0x71,
    0x63, 0x6f, 0x6e, 0x73, 0x74, 0x31, 0x31, 0x00, 0x04, 0x00, 0x00, 0x00,
    0x01, 0x00, 0x00, 0x00, 0x03, 0x00, 0x00, 0x00, 0x03, 0x00, 0x00, 0x00,
    0x18, 0x00, 0x00, 0x00, 0x9a, 0xe8, 0xff, 0xff, 0x00, 0x00, 0x00, 0x01,
    0x14, 0x00, 0x00, 0x00, 0x44, 0x01, 0x00, 0x00, 0x0d, 0x00, 0x00, 0x00,
    0x00, 0x00, 0x00, 0x02, 0x50, 0x01, 0x00, 0x00, 0x14, 0xe8, 0xff, 0xff,
    0x08, 0x00, 0x00, 0x00, 0xc8, 0x00, 0x00, 0x00, 0x18, 0x00, 0x00, 0x00,
    0x00, 0x00, 0x00, 0x00, 0x00, 0x00, 0x00, 0x00, 0x00, 0x00, 0x00, 0x00,
    0x00, 0x00, 0x00, 0x00, 0x00, 0x00, 0x00, 0x00, 0x00, 0x00, 0x00, 0x00,
    0x00, 0x00, 0x00, 0x00, 0x00, 0x00, 0x00, 0x00, 0x00, 0x00, 0x00, 0x00,
    0x00, 0x00, 0x00, 0x00, 0x00, 0x00, 0x00, 0x00, 0x00, 0x00, 0x00, 0x00,
    0x00, 0x00, 0x00, 0x00, 0x00, 0x00, 0x00, 0x00, 0x00, 0x00, 0x00, 0x00,
    0x00, 0x00, 0x00, 0x00, 0x00, 0x00, 0x00, 0x00, 0x00, 0x00, 0x00, 0x00,
    0x00, 0x00, 0x00, 0x00, 0x00, 0x00, 0x00, 0x00, 0x00, 0x00, 0x00, 0x00,
    0x00, 0x00, 0x00, 0x00, 0x00, 0x00, 0x00, 0x00, 0x00, 0x00, 0x00, 0x00,
    0x00, 0x00, 0x00, 0x00, 0x00, 0x00, 0x00, 0x00, 0x00, 0x00, 0x00, 0x00,
    0x00, 0x00, 0x00, 0x00, 0x00, 0x00, 0x00, 0x00, 0x00, 0x00, 0x00, 0x00,
    0x00, 0x00, 0x00, 0x00, 0x00, 0x00, 0x00, 0x00, 0x00, 0x00, 0x00, 0x00,
    0x00, 0x00, 0x00, 0x00, 0x00, 0x00, 0x00, 0x00, 0x00, 0x00, 0x00, 0x00,
    0x00, 0x00, 0x00, 0x00, 0x00, 0x00, 0x00, 0x00, 0x00, 0x00, 0x00, 0x00,
    0x00, 0x00, 0x00, 0x00, 0x00, 0x00, 0x00, 0x00, 0x00, 0x00, 0x00, 0x00,
    0x00, 0x00, 0x00, 0x00, 0x00, 0x00, 0x00, 0x00, 0x00, 0x00, 0x00, 0x00,
    0x00, 0x00, 0x00, 0x00, 0x00, 0x00, 0x00, 0x00, 0x00, 0x00, 0x00, 0x00,
    0x18, 0x00, 0x00, 0x00, 0xaa, 0x7d, 0x5e, 0x38, 0x75, 0xba, 0x58, 0x38,
    0x05, 0xc2, 0x2c, 0x38, 0xa4, 0x26, 0x6d, 0x38, 0x1c, 0xed, 0x72, 0x38,
    0x08, 0x0e, 0x41, 0x38, 0x88, 0xd8, 0x55, 0x38, 0x34, 0x13, 0x77, 0x38,
    0x1b, 0x9d, 0x6d, 0x38, 0xc1, 0xa3, 0x9a, 0x38, 0x4c, 0x32, 0x63, 0x38,
    0x3c, 0x60, 0x68, 0x38, 0xff, 0x36, 0x8e, 0x38, 0x18, 0x7d, 0x35, 0x38,
    0x33, 0xaa, 0x1e, 0x38, 0x23, 0xe6, 0xf1, 0x37, 0xe3, 0x16, 0x61, 0x38,
    0xb4, 0x75, 0x6b, 0x38, 0xb9, 0x29, 0x4f, 0x38, 0x7e, 0x21, 0xa3, 0x38,
    0xff, 0x08, 0x48, 0x38, 0x84, 0x0d, 0x54, 0x38, 0x1e, 0xb9, 0x54, 0x38,
    0x9e, 0x3d, 0x57, 0x38, 0x13, 0x00, 0x00, 0x00, 0x74, 0x66, 0x6c, 0x2e,
    0x70, 0x73, 0x65, 0x75, 0x64, 0x6f, 0x5f, 0x71, 0x63, 0x6f, 0x6e, 0x73,
    0x74, 0x31, 0x30, 0x00, 0x01, 0x00, 0x00, 0x00, 0x18, 0x00, 0x00, 0x00,
    0x0a, 0xea, 0xff, 0xff, 0x00, 0x00, 0x00, 0x01, 0x14, 0x00, 0x00, 0x00,
    0x08, 0x02, 0x00, 0x00, 0x0c, 0x00, 0x00, 0x00, 0x00, 0x00, 0x00, 0x09,
    0x14, 0x02, 0x00, 0x00, 0x84, 0xe9, 0xff, 0xff, 0x08, 0x00, 0x00, 0x00,
    0x4c, 0x01, 0x00, 0x00, 0x28, 0x00, 0x00, 0x00, 0x00, 0x00, 0x00, 0x00,
    0x00, 0x00, 0x00, 0x00, 0x00, 0x00, 0x00, 0x00, 0x00, 0x00, 0x00, 0x00,
    0x00, 0x00, 0x00, 0x00, 0x00, 0x00, 0x00, 0x00, 0x00, 0x00, 0x00, 0x00,
    0x00, 0x00, 0x00, 0x00, 0x00, 0x00, 0x00, 0x00, 0x00, 0x00, 0x00, 0x00,
    0x00, 0x00, 0x00, 0x00, 0x00, 0x00, 0x00, 0x00, 0x00, 0x00, 0x00, 0x00,
    0x00, 0x00, 0x00, 0x00, 0x00, 0x00, 0x00, 0x00, 0x00, 0x00, 0x00, 0x00,
    0x00, 0x00, 0x00, 0x00, 0x00, 0x00, 0x00, 0x00, 0x00, 0x00, 0x00, 0x00,
    0x00, 0x00, 0x00, 0x00, 0x00, 0x00, 0x00, 0x00, 0x00, 0x00, 0x00, 0x00,
    0x00, 0x00, 0x00, 0x00, 0x00, 0x00, 0x00, 0x00, 0x00, 0x00, 0x00, 0x00,
    0x00, 0x00, 0x00, 0x00, 0x00, 0x00, 0x00, 0x00, 0x00, 0x00, 0x00, 0x00,
    0x00, 0x00, 0x00, 0x00, 0x00, 0x00, 0x00, 0x00, 0x00, 0x00, 0x00, 0x00,
    0x00, 0x00, 0x00, 0x00, 0x00, 0x00, 0x00, 0x00, 0x00, 0x00, 0x00, 0x00,
    0x00, 0x00, 0x00, 0x00, 0x00, 0x00, 0x00, 0x00, 0x00, 0x00, 0x00, 0x00,
    0x00, 0x00, 0x00, 0x00, 0x00, 0x00, 0x00, 0x00, 0x00, 0x00, 0x00, 0x00,
    0x00, 0x00, 0x00, 0x00, 0x00, 0x00, 0x00, 0x00, 0x00, 0x00, 0x00, 0x00,
    0x00, 0x00, 0x00, 0x00, 0x00, 0x00, 0x00, 0x00, 0x00, 0x00, 0x00, 0x00,
    0x00, 0x00, 0x00, 0x00, 0x00, 0x00, 0x00, 0x00, 0x00, 0x00, 0x00, 0x00,
    0x00, 0x00, 0x00, 0x00, 0x00, 0x00, 0x00, 0x00, 0x00, 0x00, 0x00, 0x00,
    0x00, 0x00, 0x00, 0x00, 0x00, 0x00, 0x00, 0x00, 0x00, 0x00, 0x00, 0x00,
    0x00, 0x00, 0x00, 0x00, 0x00, 0x00, 0x00, 0x00, 0x00, 0x00, 0x00, 0x00,
    0x00, 0x00, 0x00, 0x00, 0x00, 0x00, 0x00, 0x00, 0x00, 0x00, 0x00, 0x00,
    0x00, 0x00, 0x00, 0x00, 0x00, 0x00, 0x00, 0x00, 0x00, 0x00, 0x00, 0x00,
    0x00, 0x00, 0x00, 0x00, 0x00, 0x00, 0x00, 0x00, 0x00, 0x00, 0x00, 0x00,
    0x00, 0x00, 0x00, 0x00, 0x00, 0x00, 0x00, 0x00, 0x00, 0x00, 0x00, 0x00,
    0x00, 0x00, 0x00, 0x00, 0x00, 0x00, 0x00, 0x00, 0x00, 0x00, 0x00, 0x00,
    0x00, 0x00, 0x00, 0x00, 0x00, 0x00, 0x00, 0x00, 0x00, 0x00, 0x00, 0x00,
    0x00, 0x00, 0x00, 0x00, 0x00, 0x00, 0x00, 0x00, 0x00, 0x00, 0x00, 0x00,
    0x00, 0x00, 0x00, 0x00, 0x00, 0x00, 0x00, 0x00, 0x28, 0x00, 0x00, 0x00,
    0xed, 0x7c, 0x5d, 0x3c, 0x55, 0x55, 0x33, 0x3c, 0x0b, 0x41, 0x18, 0x3c,
    0x42, 0x93, 0x31, 0x3c, 0x6d, 0xb1, 0x24, 0x3c, 0xbe, 0xe7, 0x4d, 0x3c,
    0xa3, 0xbc, 0x13, 0x3c, 0x97, 0xef, 0x2e, 0x3c, 0x5a, 0x2a, 0x2a, 0x3c,
    0xef, 0xc4, 0x3d, 0x3c, 0x67, 0xf7, 0xe3, 0x3b, 0x31, 0x59, 0x1d, 0x3c,
    0x64, 0x9c, 0x6c, 0x3c, 0x29, 0x38, 0x2b, 0x3c, 0xb1, 0xa4, 0x2f, 0x3c,
    0xbb, 0x4f, 0x42, 0x3c, 0x72, 0x67, 0x29, 0x3c, 0xb7, 0x68, 0x46, 0x3c,
    0xba, 0xa2, 0x35, 0x3c, 0xaa, 0x9a, 0x41, 0x3c, 0xaf, 0xa0, 0x1d, 0x3c,
    0x8a, 0x2b, 0x2a, 0x3c, 0xc7, 0x06, 0x52, 0x3c, 0x4a, 0x52, 0x21, 0x3c,
    0x8f, 0xaa, 0x2a, 0x3c, 0x48, 0x78, 0xca, 0x3b, 0x65, 0xe2, 0x56, 0x3c,
    0x92, 0x67, 0x47, 0x3c, 0x1b, 0x07, 0x2c, 0x3c, 0xcf, 0x59, 0x58, 0x3c,
    0xaa, 0xa1, 0x31, 0x3c, 0x7d, 0x30, 0x1a, 0x3c, 0x8c, 0x1d, 0x75, 0x3c,
    0xfa, 0x35, 0x6f, 0x3c, 0xbb, 0xef, 0x7c, 0x3c, 0x4f, 0x83, 0x11, 0x3c,
    0x43, 0x7f, 0x3b, 0x3c, 0x04, 0x00, 0x47, 0x3c, 0x1f, 0xdc, 0x3a, 0x3c,
    0xe1, 0x02, 0x41, 0x3c, 0x12, 0x00, 0x00, 0x00, 0x74, 0x66, 0x6c, 0x2e,
    0x70, 0x73, 0x65, 0x75, 0x64, 0x6f, 0x5f, 0x71, 0x63, 0x6f, 0x6e, 0x73,
    0x74, 0x39, 0x00, 0x00, 0x04, 0x00, 0x00, 0x00, 0x28, 0x00, 0x00, 0x00,
    0x01, 0x00, 0x00, 0x00, 0x01, 0x00, 0x00, 0x00, 0x18, 0x00, 0x00, 0x00,
    0x4a, 0xec, 0xff, 0xff, 0x00, 0x00, 0x00, 0x01, 0x14, 0x00, 0x00, 0x00,
    0x04, 0x02, 0x00, 0x00, 0x0b, 0x00, 0x00, 0x00, 0x00, 0x00, 0x00, 0x02,
    0x10, 0x02, 0x00, 0x00, 0xc4, 0xeb, 0xff, 0xff, 0x08, 0x00, 0x00, 0x00,
    0x48, 0x01, 0x00, 0x00, 0x28, 0x00, 0x00, 0x00, 0x00, 0x00, 0x00, 0x00,
    0x00, 0x00, 0x00, 0x00, 0x00, 0x00, 0x00, 0x00, 0x00, 0x00, 0x00, 0x00,
    0x00, 0x00, 0x00, 0x00, 0x00, 0x00, 0x00, 0x00, 0x00, 0x00, 0x00, 0x00,
    0x00, 0x00, 0x00, 0x00, 0x00, 0x00, 0x00, 0x00, 0x00, 0x00, 0x00, 0x00,
    0x00, 0x00, 0x00, 0x00, 0x00, 0x00, 0x00, 0x00, 0x00, 0x00, 0x00, 0x00,
    0x00, 0x00, 0x00, 0x00, 0x00, 0x00, 0x00, 0x00, 0x00, 0x00, 0x00, 0x00,
    0x00, 0x00, 0x00, 0x00, 0x00, 0x00, 0x00, 0x00, 0x00, 0x00, 0x00, 0x00,
    0x00, 0x00, 0x00, 0x00, 0x00, 0x00, 0x00, 0x00, 0x00, 0x00, 0x00, 0x00,
    0x00, 0x00, 0x00, 0x00, 0x00, 0x00, 0x00, 0x00, 0x00, 0x00, 0x00, 0x00,
    0x00, 0x00, 0x00, 0x00, 0x00, 0x00, 0x00, 0x00, 0x00, 0x00, 0x00, 0x00,
    0x00, 0x00, 0x00, 0x00, 0x00, 0x00, 0x00, 0x00, 0x00, 0x00, 0x00, 0x00,
    0x00, 0x00, 0x00, 0x00, 0x00, 0x00, 0x00, 0x00, 0x00, 0x00, 0x00, 0x00,
    0x00, 0x00, 0x00, 0x00, 0x00, 0x00, 0x00, 0x00, 0x00, 0x00, 0x00, 0x00,
    0x00, 0x00, 0x00, 0x00, 0x00, 0x00, 0x00, 0x00, 0x00, 0x00, 0x00, 0x00,
    0x00, 0x00, 0x00, 0x00, 0x00, 0x00, 0x00, 0x00, 0x00, 0x00, 0x00, 0x00,
    0x00, 0x00, 0x00, 0x00, 0x00, 0x00, 0x00, 0x00, 0x00, 0x00, 0x00, 0x00,
    0x00, 0x00, 0x00, 0x00, 0x00, 0x00, 0x00, 0x00, 0x00, 0x00, 0x00, 0x00,
    0x00, 0x00, 0x00, 0x00, 0x00, 0x00, 0x00, 0x00, 0x00, 0x00, 0x00, 0x00,
    0x00, 0x00, 0x00, 0x00, 0x00, 0x00, 0x00, 0x00, 0x00, 0x00, 0x00, 0x00,
    0x00, 0x00, 0x00, 0x00, 0x00, 0x00, 0x00, 0x00, 0x00, 0x00, 0x00, 0x00,
    0x00, 0x00, 0x00, 0x00, 0x00, 0x00, 0x00, 0x00, 0x00, 0x00, 0x00, 0x00,
    0x00, 0x00, 0x00, 0x00, 0x00, 0x00, 0x00, 0x00, 0x00, 0x00, 0x00, 0x00,
    0x00, 0x00, 0x00, 0x00, 0x00, 0x00, 0x00, 0x00, 0x00, 0x00, 0x00, 0x00,
    0x00, 0x00, 0x00, 0x00, 0x00, 0x00, 0x00, 0x00, 0x00, 0x00, 0x00, 0x00,
    0x00, 0x00, 0x00, 0x00, 0x00, 0x00, 0x00, 0x00, 0x00, 0x00, 0x00, 0x00,
    0x00, 0x00, 0x00, 0x00, 0x00, 0x00, 0x00, 0x00, 0x00, 0x00, 0x00, 0x00,
    0x00, 0x00, 0x00, 0x00, 0x00, 0x00, 0x00, 0x00, 0x00, 0x00, 0x00, 0x00,
    0x00, 0x00, 0x00, 0x00, 0x28, 0x00, 0x00, 0x00, 0x2c, 0xe5, 0xc4, 0x39,
    0xd1, 0x6b, 0x9f, 0x39, 0x40, 0x59, 0x87, 0x39, 0xb7, 0xdb, 0x9d, 0x39,
    0x0f, 0x68, 0x92, 0x39, 0xed, 0x0a, 0xb7, 0x39, 0x3f, 0x55, 0x83, 0x39,
    0x12, 0x83, 0x9b, 0x39, 0x6f, 0x45, 0x97, 0x39, 0xc7, 0xb2, 0xa8, 0x39,
    0x80, 0xa7, 0x4a, 0x39, 0x98, 0xe0, 0x8b, 0x39, 0xc6, 0x56, 0xd2, 0x39,
    0x48, 0x35, 0x98, 0x39, 0x10, 0x24, 0x9c, 0x39, 0x77, 0xbc, 0xac, 0x39,
    0x2b, 0x98, 0x96, 0x39, 0xfa, 0x60, 0xb0, 0x39, 0xc5, 0x77, 0xa1, 0x39,
    0x81, 0x1b, 0xac, 0x39, 0x26, 0x20, 0x8c, 0x39, 0x7d, 0x46, 0x97, 0x39,
    0xd1, 0xb4, 0xba, 0x39, 0xc2, 0x68, 0x8f, 0x39, 0x67, 0xb7, 0x97, 0x39,
    0x1e, 0xfd, 0x33, 0x39, 0x59, 0x06, 0xbf, 0x39, 0x89, 0x43, 0xb1, 0x39,
    0x40, 0xed, 0x98, 0x39, 0x14, 0x54, 0xc0, 0x39, 0x86, 0xe8, 0x9d, 0x39,
    0xaf, 0x11, 0x89, 0x39, 0x30, 0xe6, 0xd9, 0x39, 0x74, 0xa6, 0xd4, 0x39,
    0x10, 0xda, 0xe0, 0x39, 0x22, 0x5b, 0x81, 0x39, 0xb1, 0xad, 0xa6, 0x39,
    0x7a, 0xe7, 0xb0, 0x39, 0xab, 0x1c, 0xa6, 0x39, 0x92, 0x94, 0xab, 0x39,
    0x12, 0x00, 0x00, 0x00, 0x74, 0x66, 0x6c, 0x2e, 0x70, 0x73, 0x65, 0x75,
    0x64, 0x6f, 0x5f, 0x71, 0x63, 0x6f, 0x6e, 0x73, 0x74, 0x38, 0x00, 0x00,
    0x01, 0x00, 0x00, 0x00, 0x28, 0x00, 0x00, 0x00, 0x00, 0x00, 0x16, 0x00,
    0x1e, 0x00, 0x18, 0x00, 0x17, 0x00, 0x10, 0x00, 0x0c, 0x00, 0x08, 0x00,
    0x00, 0x00, 0x00, 0x00, 0x00, 0x00, 0x07, 0x00, 0x16, 0x00, 0x00, 0x00,
    0x00, 0x00, 0x00, 0x01, 0x28, 0x00, 0x00, 0x00, 0x20, 0x02, 0x00, 0x00,
    0x0a, 0x00, 0x00, 0x00, 0x00, 0x00, 0x00, 0x09, 0x2c, 0x02, 0x00, 0x00,
    0x00, 0x00, 0x12, 0x00, 0x10, 0x00, 0x00, 0x00, 0x00, 0x00, 0x0c, 0x00,
    0x08, 0x00, 0x00, 0x00, 0x00, 0x00, 0x04, 0x00, 0x12, 0x00, 0x00, 0x00,
    0x03, 0x00, 0x00, 0x00, 0x08, 0x00, 0x00, 0x00, 0x4c, 0x01, 0x00, 0x00,
    0x28, 0x00, 0x00, 0x00, 0x00, 0x00, 0x00, 0x00, 0x00, 0x00, 0x00, 0x00,
    0x00, 0x00, 0x00, 0x00, 0x00, 0x00, 0x00, 0x00, 0x00, 0x00, 0x00, 0x00,
    0x00, 0x00, 0x00, 0x00, 0x00, 0x00, 0x00, 0x00, 0x00, 0x00, 0x00, 0x00,
    0x00, 0x00, 0x00, 0x00, 0x00, 0x00, 0x00, 0x00, 0x00, 0x00, 0x00, 0x00,
    0x00, 0x00, 0x00, 0x00, 0x00, 0x00, 0x00, 0x00, 0x00, 0x00, 0x00, 0x00,
    0x00, 0x00, 0x00, 0x00, 0x00, 0x00, 0x00, 0x00, 0x00, 0x00, 0x00, 0x00,
    0x00, 0x00, 0x00, 0x00, 0x00, 0x00, 0x00, 0x00, 0x00, 0x00, 0x00, 0x00,
    0x00, 0x00, 0x00, 0x00, 0x00, 0x00, 0x00, 0x00, 0x00, 0x00, 0x00, 0x00,
    0x00, 0x00, 0x00, 0x00, 0x00, 0x00, 0x00, 0x00, 0x00, 0x00, 0x00, 0x00,
    0x00, 0x00, 0x00, 0x00, 0x00, 0x00, 0x00, 0x00, 0x00, 0x00, 0x00, 0x00,
    0x00, 0x00, 0x00, 0x00, 0x00, 0x00, 0x00, 0x00, 0x00, 0x00, 0x00, 0x00,
    0x00, 0x00, 0x00, 0x00, 0x00, 0x00, 0x00, 0x00, 0x00, 0x00, 0x00, 0x00,
    0x00, 0x00, 0x00, 0x00, 0x00, 0x00, 0x00, 0x00, 0x00, 0x00, 0x00, 0x00,
    0x00, 0x00, 0x00, 0x00, 0x00, 0x00, 0x00, 0x00, 0x00, 0x00, 0x00, 0x00,
    0x00, 0x00, 0x00, 0x00, 0x00, 0x00, 0x00, 0x00, 0x00, 0x00, 0x00, 0x00,
    0x00, 0x00, 0x00, 0x00, 0x00, 0x00, 0x00, 0x00, 0x00, 0x00, 0x00, 0x00,
    0x00, 0x00, 0x00, 0x00, 0x00, 0x00, 0x00, 0x00, 0x00, 0x00, 0x00, 0x00,
    0x00, 0x00, 0x00, 0x00, 0x00, 0x00, 0x00, 0x00, 0x00, 0x00, 0x00, 0x00,
    0x00, 0x00, 0x00, 0x00, 0x00, 0x00, 0x00, 0x00, 0x00, 0x00, 0x00, 0x00,
    0x00, 0x00, 0x00, 0x00, 0x00, 0x00, 0x00, 0x00, 0x00, 0x00, 0x00, 0x00,
    0x00, 0x00, 0x00, 0x00, 0x00, 0x00, 0x00, 0x00, 0x00, 0x00, 0x00, 0x00,
    0x00, 0x00, 0x00, 0x00, 0x00, 0x00, 0x00, 0x00, 0x00, 0x00, 0x00, 0x00,
    0x00, 0x00, 0x00, 0x00, 0x00, 0x00, 0x00, 0x00, 0x00, 0x00, 0x00, 0x00,
    0x00, 0x00, 0x00, 0x00, 0x00, 0x00, 0x00, 0x00, 0x00, 0x00, 0x00, 0x00,
    0x00, 0x00, 0x00, 0x00, 0x00, 0x00, 0x00, 0x00, 0x00, 0x00, 0x00, 0x00,
    0x00, 0x00, 0x00, 0x00, 0x00, 0x00, 0x00, 0x00, 0x00, 0x00, 0x00, 0x00,
    0x00, 0x00, 0x00, 0x00, 0x00, 0x00, 0x00, 0x00, 0x00, 0x00, 0x00, 0x00,
    0x00, 0x00, 0x00, 0x00, 0x28, 0x00, 0x00, 0x00, 0x57, 0x7b, 0x55, 0x3a,
    0xe1, 0x74, 0x87, 0x3a, 0x88, 0xad, 0x24, 0x3a, 0x54, 0x8d, 0x4e, 0x3a,
    0x1a, 0xd9, 0x90, 0x3a, 0x94, 0x65, 0xd4, 0x3a, 0xd6, 0x50, 0x89, 0x3a,
    0x62, 0x70, 0xb3, 0x3a, 0x53, 0xdf, 0x78, 0x3a, 0x02, 0xbf, 0x84, 0x3a,
    0xce, 0x5f, 0x53, 0x3a, 0x44, 0x40, 0xca, 0x3a, 0x71, 0xa8, 0x82, 0x3a,
    0x55, 0x37, 0x80, 0x3a, 0x53, 0x18, 0xb8, 0x3a, 0x5c, 0x30, 0x86, 0x3a,
    0x63, 0xa5, 0xce, 0x3a, 0x65, 0x70, 0x86, 0x3a, 0x55, 0xb1, 0x9b, 0x3a,
    0x7e, 0x95, 0xa8, 0x3a, 0x4f, 0xf4, 0x86, 0x3a, 0x81, 0x34, 0x95, 0x3a,
    0xe4, 0x7e, 0x44, 0x3a, 0xa2, 0x4d, 0xc5, 0x3a, 0x97, 0x8e, 0x80, 0x3a,
    0x5e, 0xc0, 0x90, 0x3a, 0xb1, 0x4c, 0xe5, 0x3a, 0x70, 0x8f, 0x61, 0x3a,
    0x4b, 0x4d, 0x99, 0x3a, 0xd4, 0xed, 0x9e, 0x3a, 0xc9, 0x41, 0xb7, 0x3a,
    0x4e, 0xd5, 0xbf, 0x3a, 0xf9, 0x7a, 0x33, 0x3a, 0xce, 0x77, 0x79, 0x3a,
    0x0c, 0xdf, 0x17, 0x3a, 0x97, 0x8d, 0x38, 0x3a, 0x5b, 0xe1, 0x7c, 0x3a,
    0xc3, 0xb1, 0x76, 0x3a, 0xfe, 0xba, 0x8b, 0x3a, 0x49, 0xaa, 0xa5, 0x3a,
    0x12, 0x00, 0x00, 0x00, 0x74, 0x66, 0x6c, 0x2e, 0x70, 0x73, 0x65, 0x75,
    0x64, 0x6f, 0x5f, 0x71, 0x63, 0x6f, 0x6e, 0x73, 0x74, 0x37, 0x00, 0x00,
    0x04, 0x00, 0x00, 0x00, 0x01, 0x00, 0x00, 0x00, 0x03, 0x00, 0x00, 0x00,
    0x03, 0x00, 0x00, 0x00, 0x28, 0x00, 0x00, 0x00, 0xea, 0xf0, 0xff, 0xff,
    0x00, 0x00, 0x00, 0x01, 0x14, 0x00, 0x00, 0x00, 0x04, 0x02, 0x00, 0x00,
    0x09, 0x00, 0x00, 0x00, 0x00, 0x00, 0x00, 0x02, 0x10, 0x02, 0x00, 0x00,
    0x64, 0xf0, 0xff, 0xff, 0x08, 0x00, 0x00, 0x00, 0x48, 0x01, 0x00, 0x00,
    0x28, 0x00, 0x00, 0x00, 0x00, 0x00, 0x00, 0x00, 0x00, 0x00, 0x00, 0x00,
    0x00, 0x00, 0x00, 0x00, 0x00, 0x00, 0x00, 0x00, 0x00, 0x00, 0x00, 0x00,
    0x00, 0x00, 0x00, 0x00, 0x00, 0x00, 0x00, 0x00, 0x00, 0x00, 0x00, 0x00,
    0x00, 0x00, 0x00, 0x00, 0x00, 0x00, 0x00, 0x00, 0x00, 0x00, 0x00, 0x00,
    0x00, 0x00, 0x00, 0x00, 0x00, 0x00, 0x00, 0x00, 0x00, 0x00, 0x00, 0x00,
    0x00, 0x00, 0x00, 0x00, 0x00, 0x00, 0x00, 0x00, 0x00, 0x00, 0x00, 0x00,
    0x00, 0x00, 0x00, 0x00, 0x00, 0x00, 0x00, 0x00, 0x00, 0x00, 0x00, 0x00,
    0x00, 0x00, 0x00, 0x00, 0x00, 0x00, 0x00, 0x00, 0x00, 0x00, 0x00, 0x00,
    0x00, 0x00, 0x00, 0x00, 0x00, 0x00, 0x00, 0x00, 0x00, 0x00, 0x00, 0x00,
    0x00, 0x00, 0x00, 0x00, 0x00, 0x00, 0x00, 0x00, 0x00, 0x00, 0x00, 0x00,
    0x00, 0x00, 0x00, 0x00, 0x00, 0x00, 0x00, 0x00, 0x00, 0x00, 0x00, 0x00,
    0x00, 0x00, 0x00, 0x00, 0x00, 0x00, 0x00, 0x00, 0x00, 0x00, 0x00, 0x00,
    0x00, 0x00, 0x00, 0x00, 0x00, 0x00, 0x00, 0x00, 0x00, 0x00, 0x00, 0x00,
    0x00, 0x00, 0x00, 0x00, 0x00, 0x00, 0x00, 0x00, 0x00, 0x00, 0x00, 0x00,
    0x00, 0x00, 0x00, 0x00, 0x00, 0x00, 0x00, 0x00, 0x00, 0x00, 0x00, 0x00,
    0x00, 0x00, 0x00, 0x00, 0x00, 0x00, 0x00, 0x00, 0x00, 0x00, 0x00, 0x00,
    0x00, 0x00, 0x00, 0x00, 0x00, 0x00, 0x00, 0x00, 0x00, 0x00, 0x00, 0x00,
    0x00, 0x00, 0x00, 0x00, 0x00, 0x00, 0x00, 0x00, 0x00, 0x00, 0x00, 0x00,
    0x00, 0x00, 0x00, 0x00, 0x00, 0x00, 0x00, 0x00, 0x00, 0x00, 0x00, 0x00,
    0x00, 0x00, 0x00, 0x00, 0x00, 0x00, 0x00, 0x00, 0x00, 0x00, 0x00, 0x00,
    0x00, 0x00, 0x00, 0x00, 0x00, 0x00, 0x00, 0x00, 0x00, 0x00, 0x00, 0x00,
    0x00, 0x00, 0x00, 0x00, 0x00, 0x00, 0x00, 0x00, 0x00, 0x00, 0x00, 0x00,
    0x00, 0x00, 0x00, 0x00, 0x00, 0x00, 0x00, 0x00, 0x00, 0x00, 0x00, 0x00,
    0x00, 0x00, 0x00, 0x00, 0x00, 0x00, 0x00, 0x00, 0x00, 0x00, 0x00, 0x00,
    0x00, 0x00, 0x00, 0x00, 0x00, 0x00, 0x00, 0x00, 0x00, 0x00, 0x00, 0x00,
    0x00, 0x00, 0x00, 0x00, 0x00, 0x00, 0x00, 0x00, 0x00, 0x00, 0x00, 0x00,
    0x00, 0x00, 0x00, 0x00, 0x00, 0x00, 0x00, 0x00, 0x00, 0x00, 0x00, 0x00,
    0x28, 0x00, 0x00, 0x00, 0x25, 0x28, 0xec, 0x37, 0x18, 0xd8, 0x15, 0x38,
    0x4e, 0x2b, 0xb6, 0x37, 0xb5, 0x7d, 0xe4, 0x37, 0xae, 0x3b, 0x20, 0x38,
    0xe1, 0xf4, 0x6a, 0x38, 0x9a, 0xe6, 0x17, 0x38, 0x87, 0x7f, 0x46, 0x38,
    0x38, 0xa7, 0x09, 0x38, 0x85, 0xd8, 0x12, 0x38, 0x4e, 0xd3, 0xe9, 0x37,
    0xb2, 0xbb, 0x5f, 0x38, 0x2d, 0x89, 0x10, 0x38, 0xac, 0xd5, 0x0d, 0x38,
    0x12, 0xa6, 0x4b, 0x38, 0x1a, 0x71, 0x14, 0x38, 0x52, 0x98, 0x64, 0x38,
    0xf1, 0xb7, 0x14, 0x38, 0xca, 0x3a, 0x2c, 0x38, 0x7a, 0x7d, 0x3a, 0x38,
    0xde, 0x49, 0x15, 0x38, 0x8e, 0x0d, 0x25, 0x38, 0xd3, 0x5d, 0xd9, 0x37,
    0x87, 0x42, 0x5a, 0x38, 0x32, 0x36, 0x0e, 0x38, 0x51, 0x20, 0x20, 0x38,
    0x99, 0xa7, 0x7d, 0x38, 0xac, 0x84, 0xf9, 0x37, 0xbe, 0x95, 0x29, 0x38,
    0x48, 0xcf, 0x2f, 0x38, 0xbe, 0xb8, 0x4a, 0x38, 0x76, 0x35, 0x54, 0x38,
    0x3e, 0x8b, 0xc6, 0x37, 0x8f, 0xfb, 0x09, 0x38, 0x98, 0x00, 0xa8, 0x37,
    0xcb, 0x27, 0xcc, 0x37, 0xb9, 0xde, 0x0b, 0x38, 0xd4, 0x72, 0x08, 0x38,
    0x6b, 0x92, 0x1a, 0x38, 0xe7, 0x42, 0x37, 0x38, 0x12, 0x00, 0x00, 0x00,
    0x74, 0x66, 0x6c, 0x2e, 0x70, 0x73, 0x65, 0x75, 0x64, 0x6f, 0x5f, 0x71,
    0x63, 0x6f, 0x6e, 0x73, 0x74, 0x36, 0x00, 0x00, 0x01, 0x00, 0x00, 0x00,
    0x28, 0x00, 0x00, 0x00, 0x1a, 0xf3, 0xff, 0xff, 0x00, 0x00, 0x00, 0x01,
    0x14, 0x00, 0x00, 0x00, 0x28, 0x03, 0x00, 0x00, 0x08, 0x00, 0x00, 0x00,
    0x00, 0x00, 0x00, 0x09, 0x34, 0x03, 0x00, 0x00, 0x94, 0xf2, 0xff, 0xff,
    0x08, 0x00, 0x00, 0x00, 0x0c, 0x02, 0x00, 0x00, 0x40, 0x00, 0x00, 0x00,
    0x00, 0x00, 0x00, 0x00, 0x00, 0x00, 0x00, 0x00, 0x00, 0x00, 0x00, 0x00,
    0x00, 0x00, 0x00, 0x00, 0x00, 0x00, 0x00, 0x00, 0x00, 0x00, 0x00, 0x00,
    0x00, 0x00, 0x00, 0x00, 0x00, 0x00, 0x00, 0x00, 0x00, 0x00, 0x00, 0x00,
    0x00, 0x00, 0x00, 0x00, 0x00, 0x00, 0x00, 0x00, 0x00, 0x00, 0x00, 0x00,
    0x00, 0x00, 0x00, 0x00, 0x00, 0x00, 0x00, 0x00, 0x00, 0x00, 0x00, 0x00,
    0x00, 0x00, 0x00, 0x00, 0x00, 0x00, 0x00, 0x00, 0x00, 0x00, 0x00, 0x00,
    0x00, 0x00, 0x00, 0x00, 0x00, 0x00, 0x00, 0x00, 0x00, 0x00, 0x00, 0x00,
    0x00, 0x00, 0x00, 0x00, 0x00, 0x00, 0x00, 0x00, 0x00, 0x00, 0x00, 0x00,
    0x00, 0x00, 0x00, 0x00, 0x00, 0x00, 0x00, 0x00, 0x00, 0x00, 0x00, 0x00,
    0x00, 0x00, 0x00, 0x00, 0x00, 0x00, 0x00, 0x00, 0x00, 0x00, 0x00, 0x00,
    0x00, 0x00, 0x00, 0x00, 0x00, 0x00, 0x00, 0x00, 0x00, 0x00, 0x00, 0x00,
    0x00, 0x00, 0x00, 0x00, 0x00, 0x00, 0x00, 0x00, 0x00, 0x00, 0x00, 0x00,
    0x00, 0x00, 0x00, 0x00, 0x00, 0x00, 0x00, 0x00, 0x00, 0x00, 0x00, 0x00,
    0x00, 0x00, 0x00, 0x00, 0x00, 0x00, 0x00, 0x00, 0x00, 0x00, 0x00, 0x00,
    0x00, 0x00, 0x00, 0x00, 0x00, 0x00, 0x00, 0x00, 0x00, 0x00, 0x00, 0x00,
    0x00, 0x00, 0x00, 0x00, 0x00, 0x00, 0x00, 0x00, 0x00, 0x00, 0x00, 0x00,
    0x00, 0x00, 0x00, 0x00, 0x00, 0x00, 0x00, 0x00, 0x00, 0x00, 0x00, 0x00,
    0x00, 0x00, 0x00, 0x00, 0x00, 0x00, 0x00, 0x00, 0x00, 0x00, 0x00, 0x00,
    0x00, 0x00, 0x00, 0x00, 0x00, 0x00, 0x00, 0x00, 0x00, 0x00, 0x00, 0x00,
    0x00, 0x00, 0x00, 0x00, 0x00, 0x00, 0x00, 0x00, 0x00, 0x00, 0x00, 0x00,
    0x00, 0x00, 0x00, 0x00, 0x00, 0x00, 0x00, 0x00, 0x00, 0x00, 0x00, 0x00,
    0x00, 0x00, 0x00, 0x00, 0x00, 0x00, 0x00, 0x00, 0x00, 0x00, 0x00, 0x00,
    0x00, 0x00, 0x00, 0x00, 0x00, 0x00, 0x00, 0x00, 0x00, 0x00, 0x00, 0x00,
    0x00, 0x00, 0x00, 0x00, 0x00, 0x00, 0x00, 0x00, 0x00, 0x00, 0x00, 0x00,
    0x00, 0x00, 0x00, 0x00, 0x00, 0x00, 0x00, 0x00, 0x00, 0x00, 0x00, 0x00,
    0x00, 0x00, 0x00, 0x00, 0x00, 0x00, 0x00, 0x00, 0x00, 0x00, 0x00, 0x00,
    0x00, 0x00, 0x00, 0x00, 0x00, 0x00, 0x00, 0x00, 0x00, 0x00, 0x00, 0x00,
    0x00, 0x00, 0x00, 0x00, 0x00, 0x00, 0x00, 0x00, 0x00, 0x00, 0x00, 0x00,
    0x00, 0x00, 0x00, 0x00, 0x00, 0x00, 0x00, 0x00, 0x00, 0x00, 0x00, 0x00,
    0x00, 0x00, 0x00, 0x00, 0x00, 0x00, 0x00, 0x00, 0x00, 0x00, 0x00, 0x00,
    0x00, 0x00, 0x00, 0x00, 0x00, 0x00, 0x00, 0x00, 0x00, 0x00, 0x00, 0x00,
    0x00, 0x00, 0x00, 0x00, 0x00, 0x00, 0x00, 0x00, 0x00, 0x00, 0x00, 0x00,
    0x00, 0x00, 0x00, 0x00, 0x00, 0x00, 0x00, 0x00, 0x00, 0x00, 0x00, 0x00,
    0x00, 0x00, 0x00, 0x00, 0x00, 0x00, 0x00, 0x00, 0x00, 0x00, 0x00, 0x00,
    0x00, 0x00, 0x00, 0x00, 0x00, 0x00, 0x00, 0x00, 0x00, 0x00, 0x00, 0x00,
    0x00, 0x00, 0x00, 0x00, 0x00, 0x00, 0x00, 0x00, 0x00, 0x00, 0x00, 0x00,
    0x00, 0x00, 0x00, 0x00, 0x00, 0x00, 0x00, 0x00, 0x00, 0x00, 0x00, 0x00,
    0x00, 0x00, 0x00, 0x00, 0x00, 0x00, 0x00, 0x00, 0x00, 0x00, 0x00, 0x00,
    0x00, 0x00, 0x00, 0x00, 0x00, 0x00, 0x00, 0x00, 0x00, 0x00, 0x00, 0x00,
    0x00, 0x00, 0x00, 0x00, 0x00, 0x00, 0x00, 0x00, 0x00, 0x00, 0x00, 0x00,
    0x00, 0x00, 0x00, 0x00, 0x00, 0x00, 0x00, 0x00, 0x00, 0x00, 0x00, 0x00,
    0x00, 0x00, 0x00, 0x00, 0x00, 0x00, 0x00, 0x00, 0x00, 0x00, 0x00, 0x00,
    0x00, 0x00, 0x00, 0x00, 0x00, 0x00, 0x00, 0x00, 0x00, 0x00, 0x00, 0x00,
    0x40, 0x00, 0x00, 0x00, 0x27, 0x94, 0x36, 0x3c, 0x64, 0x4d, 0x7d, 0x3c,
    0x08, 0xb8, 0xe1, 0x3b, 0x9a, 0x53, 0x75, 0x3c, 0xf0, 0x36, 0x37, 0x3c,
    0xa8, 0x3c, 0x37, 0x3c, 0x90, 0xda, 0x09, 0x3c, 0x85, 0x87, 0x1c, 0x3c,
    0xca, 0x92, 0x3e, 0x3c, 0x0d, 0x46, 0x4d, 0x3c, 0x88, 0x41, 0xc7, 0x3b,
    0x39, 0x41, 0x6a, 0x3c, 0x91, 0x0b, 0x25, 0x3c, 0xc9, 0x37, 0x34, 0x3c,
    0x0e, 0xf3, 0x16, 0x3c, 0x56, 0xac, 0x45, 0x3c, 0x92, 0x4a, 0x47, 0x3c,
    0xdc, 0x66, 0x30, 0x3c, 0x05, 0x63, 0x32, 0x3c, 0x8d, 0x90, 0xda, 0x3b,
    0x01, 0x77, 0x3a, 0x3c, 0x03, 0x8b, 0x6b, 0x3c, 0xb7, 0xa4, 0xee, 0x3b,
    0x2c, 0x34, 0x29, 0x3c, 0xda, 0xe0, 0x44, 0x3c, 0x08, 0xd8, 0x3d, 0x3c,
    0xd7, 0xc1, 0x92, 0x3c, 0x90, 0x64, 0x39, 0x3c, 0x68, 0x9d, 0x2e, 0x3c,
    0x10, 0x09, 0x36, 0x3c, 0x73, 0xb0, 0x1b, 0x3c, 0x0e, 0xf3, 0x2e, 0x3c,
    0xd3, 0xc1, 0x71, 0x3c, 0x39, 0x42, 0x1b, 0x3c, 0x75, 0x47, 0xa0, 0x3b,
    0x2e, 0x7d, 0x34, 0x3c, 0x66, 0x1c, 0x86, 0x3c, 0x31, 0xcb, 0x52, 0x3c,
    0xf9, 0x05, 0x4f, 0x3c, 0x13, 0xde, 0x3b, 0x3c, 0x11, 0x04, 0x43, 0x3c,
    0xe8, 0x99, 0x84, 0x3c, 0xe0, 0x45, 0x20, 0x3c, 0x09, 0x27, 0x49, 0x3c,
    0xc1, 0x73, 0x36, 0x3c, 0x65, 0xa9, 0x5d, 0x3c, 0x53, 0xeb, 0x55, 0x3c,
    0x17, 0xbb, 0x56, 0x3c, 0x5d, 0xf6, 0x41, 0x3c, 0x27, 0xcf, 0x59, 0x3c,
    0x82, 0xfc, 0x57, 0x3c, 0x0e, 0x8f, 0x6b, 0x3c, 0x5d, 0xf3, 0x3b, 0x3c,
    0x97, 0x2a, 0x19, 0x3c, 0x88, 0x9b, 0x1b, 0x3c, 0x8c, 0x22, 0x04, 0x3c,
    0x63, 0x97, 0x32, 0x3c, 0xeb, 0x15, 0x50, 0x3c, 0x55, 0x62, 0x28, 0x3c,
    0x97, 0x3a, 0x10, 0x3c, 0x34, 0xe2, 0xe9, 0x3b, 0x76, 0x66, 0x1a, 0x3c,
    0xf4, 0xb1, 0x50, 0x3c, 0x80, 0xc6, 0x0f, 0x3c, 0x12, 0x00, 0x00, 0x00,
    0x74, 0x66, 0x6c, 0x2e, 0x70, 0x73, 0x65, 0x75, 0x64, 0x6f, 0x5f, 0x71,
    0x63, 0x6f, 0x6e, 0x73, 0x74, 0x35, 0x00, 0x00, 0x04, 0x00, 0x00, 0x00,
    0x40, 0x00, 0x00, 0x00, 0x01, 0x00, 0x00, 0x00, 0x01, 0x00, 0x00, 0x00,
    0x28, 0x00, 0x00, 0x00, 0x7a, 0xf6, 0xff, 0xff, 0x00, 0x00, 0x00, 0x01,
    0x14, 0x00, 0x00, 0x00, 0x24, 0x03, 0x00, 0x00, 0x07, 0x00, 0x00, 0x00,
    0x00, 0x00, 0x00, 0x02, 0x30, 0x03, 0x00, 0x00, 0xf4, 0xf5, 0xff, 0xff,
    0x08, 0x00, 0x00, 0x00, 0x08, 0x02, 0x00, 0x00, 0x40, 0x00, 0x00, 0x00,
    0x00, 0x00, 0x00, 0x00, 0x00, 0x00, 0x00, 0x00, 0x00, 0x00, 0x00, 0x00,
    0x00, 0x00, 0x00, 0x00, 0x00, 0x00, 0x00, 0x00, 0x00, 0x00, 0x00, 0x00,
    0x00, 0x00, 0x00, 0x00, 0x00, 0x00, 0x00, 0x00, 0x00, 0x00, 0x00, 0x00,
    0x00, 0x00, 0x00, 0x00, 0x00, 0x00, 0x00, 0x00, 0x00, 0x00, 0x00, 0x00,
    0x00, 0x00, 0x00, 0x00, 0x00, 0x00, 0x00, 0x00, 0x00, 0x00, 0x00, 0x00,
    0x00, 0x00, 0x00, 0x00, 0x00, 0x00, 0x00, 0x00, 0x00, 0x00, 0x00, 0x00,
    0x00, 0x00, 0x00, 0x00, 0x00, 0x00, 0x00, 0x00, 0x00, 0x00, 0x00, 0x00,
    0x00, 0x00, 0x00, 0x00, 0x00, 0x00, 0x00, 0x00, 0x00, 0x00, 0x00, 0x00,
    0x00, 0x00, 0x00, 0x00, 0x00, 0x00, 0x00, 0x00, 0x00, 0x00, 0x00, 0x00,
    0x00, 0x00, 0x00, 0x00, 0x00, 0x00, 0x00, 0x00, 0x00, 0x00, 0x00, 0x00,
    0x00, 0x00, 0x00, 0x00, 0x00, 0x00, 0x00, 0x00, 0x00, 0x00, 0x00, 0x00,
    0x00, 0x00, 0x00, 0x00, 0x00, 0x00, 0x00, 0x00, 0x00, 0x00, 0x00, 0x00,
    0x00, 0x00, 0x00, 0x00, 0x00, 0x00, 0x00, 0x00, 0x00, 0x00, 0x00, 0x00,
    0x00, 0x00, 0x00, 0x00, 0x00, 0x00, 0x00, 0x00, 0x00, 0x00, 0x00, 0x00,
    0x00, 0x00, 0x00, 0x00, 0x00, 0x00, 0x00, 0x00, 0x00, 0x00, 0x00, 0x00,
    0x00, 0x00, 0x00, 0x00, 0x00, 0x00, 0x00, 0x00, 0x00, 0x00, 0x00, 0x00,
    0x00, 0x00, 0x00, 0x00, 0x00, 0x00, 0x00, 0x00, 0x00, 0x00, 0x00, 0x00,
    0x00, 0x00, 0x00, 0x00, 0x00, 0x00, 0x00, 0x00, 0x00, 0x00, 0x00, 0x00,
    0x00, 0x00, 0x00, 0x00, 0x00, 0x00, 0x00, 0x00, 0x00, 0x00, 0x00, 0x00,
    0x00, 0x00, 0x00, 0x00, 0x00, 0x00, 0x00, 0x00, 0x00, 0x00, 0x00, 0x00,
    0x00, 0x00, 0x00, 0x00, 0x00, 0x00, 0x00, 0x00, 0x00, 0x00, 0x00, 0x00,
    0x00, 0x00, 0x00, 0x00, 0x00, 0x00, 0x00, 0x00, 0x00, 0x00, 0x00, 0x00,
    0x00, 0x00, 0x00, 0x00, 0x00, 0x00, 0x00, 0x00, 0x00, 0x00, 0x00, 0x00,
    0x00, 0x00, 0x00, 0x00, 0x00, 0x00, 0x00, 0x00, 0x00, 0x00, 0x00, 0x00,
    0x00, 0x00, 0x00, 0x00, 0x00, 0x00, 0x00, 0x00, 0x00, 0x00, 0x00, 0x00,
    0x00, 0x00, 0x00, 0x00, 0x00, 0x00, 0x00, 0x00, 0x00, 0x00, 0x00, 0x00,
    0x00, 0x00, 0x00, 0x00, 0x00, 0x00, 0x00, 0x00, 0x00, 0x00, 0x00, 0x00,
    0x00, 0x00, 0x00, 0x00, 0x00, 0x00, 0x00, 0x00, 0x00, 0x00, 0x00, 0x00,
    0x00, 0x00, 0x00, 0x00, 0x00, 0x00, 0x00, 0x00, 0x00, 0x00, 0x00, 0x00,
    0x00, 0x00, 0x00, 0x00, 0x00, 0x00, 0x00, 0x00, 0x00, 0x00, 0x00, 0x00,
    0x00, 0x00, 0x00, 0x00, 0x00, 0x00, 0x00, 0x00, 0x00, 0x00, 0x00, 0x00,
    0x00, 0x00, 0x00, 0x00, 0x00, 0x00, 0x00, 0x00, 0x00, 0x00, 0x00, 0x00,
    0x00, 0x00, 0x00, 0x00, 0x00, 0x00, 0x00, 0x00, 0x00, 0x00, 0x00, 0x00,
    0x00, 0x00, 0x00, 0x00, 0x00, 0x00, 0x00, 0x00, 0x00, 0x00, 0x00, 0x00,
    0x00, 0x00, 0x00, 0x00, 0x00, 0x00, 0x00, 0x00, 0x00, 0x00, 0x00, 0x00,
    0x00, 0x00, 0x00, 0x00, 0x00, 0x00, 0x00, 0x00, 0x00, 0x00, 0x00, 0x00,
    0x00, 0x00, 0x00, 0x00, 0x00, 0x00, 0x00, 0x00, 0x00, 0x00, 0x00, 0x00,
    0x00, 0x00, 0x00, 0x00, 0x00, 0x00, 0x00, 0x00, 0x00, 0x00, 0x00, 0x00,
    0x00, 0x00, 0x00, 0x00, 0x00, 0x00, 0x00, 0x00, 0x00, 0x00, 0x00, 0x00,
    0x00, 0x00, 0x00, 0x00, 0x00, 0x00, 0x00, 0x00, 0x00, 0x00, 0x00, 0x00,
    0x00, 0x00, 0x00, 0x00, 0x00, 0x00, 0x00, 0x00, 0x00, 0x00, 0x00, 0x00,
    0x00, 0x00, 0x00, 0x00, 0x00, 0x00, 0x00, 0x00, 0x00, 0x00, 0x00, 0x00,
    0x00, 0x00, 0x00, 0x00, 0x00, 0x00, 0x00, 0x00, 0x40, 0x00, 0x00, 0x00,
    0x7d, 0xbe, 0x90, 0x39, 0xe5, 0xcf, 0xc8, 0x39, 0xd1, 0xf1, 0x32, 0x39,
    0x37, 0x7d, 0xc2, 0x39, 0x8b, 0x3f, 0x91, 0x39, 0x13, 0x44, 0x91, 0x39,
    0x0d, 0x93, 0x5a, 0x39, 0x83, 0x2f, 0x78, 0x39, 0x04, 0x15, 0x97, 0x39,
    0x71, 0xbc, 0xa2, 0x39, 0x27, 0xf7, 0x1d, 0x39, 0x2f, 0xb6, 0xb9, 0x39,
    0x0c, 0xd8, 0x82, 0x39, 0x5d, 0xdf, 0x8e, 0x39, 0x9b, 0x56, 0x6f, 0x39,
    0xec, 0xb5, 0x9c, 0x39, 0x52, 0xfe, 0x9d, 0x39, 0xe1, 0xd8, 0x8b, 0x39,
    0xbc, 0x6b, 0x8d, 0x39, 0xdd, 0x45, 0x2d, 0x39, 0x2f, 0xd3, 0x93, 0x39,
    0xa2, 0xbb, 0xba, 0x39, 0xdd, 0x30, 0x3d, 0x39, 0x0a, 0x24, 0x86, 0x39,
    0x9b, 0x14, 0x9c, 0x39, 0xf5, 0x80, 0x96, 0x39, 0xf7, 0xb0, 0xe8, 0x39,
    0x9d, 0xf9, 0x92, 0x39, 0x38, 0x6e, 0x8a, 0x39, 0x39, 0x50, 0x90, 0x39,
    0x81, 0xda, 0x76, 0x39, 0x1f, 0xb2, 0x8a, 0x39, 0xcb, 0xa8, 0xbf, 0x39,
    0xbc, 0x2b, 0x76, 0x39, 0x8b, 0x21, 0xfe, 0x38, 0x60, 0x16, 0x8f, 0x39,
    0xd5, 0xa3, 0xd4, 0x39, 0xbf, 0x1c, 0xa7, 0x39, 0x8b, 0x1f, 0xa4, 0x39,
    0xd9, 0xef, 0x94, 0x39, 0x9f, 0x9a, 0x9a, 0x39, 0x07, 0x3f, 0xd2, 0x39,
    0x09, 0x1f, 0x7e, 0x39, 0x0d, 0x78, 0x9f, 0x39, 0xce, 0xa4, 0x90, 0x39,
    0x69, 0xba, 0xaf, 0x39, 0x12, 0x97, 0xa9, 0x39, 0xc8, 0x3b, 0xaa, 0x39,
    0xcf, 0xc4, 0x99, 0x39, 0x8a, 0xac, 0xac, 0x39, 0x98, 0x3a, 0xab, 0x39,
    0xd7, 0xbe, 0xba, 0x39, 0xba, 0x00, 0x95, 0x39, 0x76, 0xda, 0x72, 0x39,
    0x57, 0xb9, 0x76, 0x39, 0xc7, 0x81, 0x51, 0x39, 0x40, 0x95, 0x8d, 0x39,
    0x22, 0xf7, 0xa4, 0x39, 0xaf, 0x7d, 0x85, 0x39, 0xb7, 0xae, 0x64, 0x39,
    0xdb, 0x6a, 0x39, 0x39, 0x4b, 0xcf, 0x74, 0x39, 0xd6, 0x72, 0xa5, 0x39,
    0xa6, 0xf6, 0x63, 0x39, 0x12, 0x00, 0x00, 0x00, 0x74, 0x66, 0x6c, 0x2e,
    0x70, 0x73, 0x65, 0x75, 0x64, 0x6f, 0x5f, 0x71, 0x63, 0x6f, 0x6e, 0x73,
    0x74, 0x34, 0x00, 0x00, 0x01, 0x00, 0x00, 0x00, 0x40, 0x00, 0x00, 0x00,
    0xca, 0xf9, 0xff, 0xff, 0x00, 0x00, 0x00, 0x01, 0x14, 0x00, 0x00, 0x00,
    0x68, 0x02, 0x00, 0x00, 0x06, 0x00, 0x00, 0x00, 0x00, 0x00, 0x00, 0x09,
    0x74, 0x02, 0x00, 0x00, 0x44, 0xf9, 0xff, 0xff, 0x08, 0x00, 0x00, 0x00,
    0x8c, 0x01, 0x00, 0x00, 0x30, 0x00, 0x00, 0x00, 0x00, 0x00, 0x00, 0x00,
    0x00, 0x00, 0x00, 0x00, 0x00, 0x00, 0x00, 0x00, 0x00, 0x00, 0x00, 0x00,
    0x00, 0x00, 0x00, 0x00, 0x00, 0x00, 0x00, 0x00, 0x00, 0x00, 0x00, 0x00,
    0x00, 0x00, 0x00, 0x00, 0x00, 0x00, 0x00, 0x00, 0x00, 0x00, 0x00, 0x00,
    0x00, 0x00, 0x00, 0x00, 0x00, 0x00, 0x00, 0x00, 0x00, 0x00, 0x00, 0x00,
    0x00, 0x00, 0x00, 0x00, 0x00, 0x00, 0x00, 0x00, 0x00, 0x00, 0x00, 0x00,
    0x00, 0x00, 0x00, 0x00, 0x00, 0x00, 0x00, 0x00, 0x00, 0x00, 0x00, 0x00,
    0x00, 0x00, 0x00, 0x00, 0x00, 0x00, 0x00, 0x00, 0x00, 0x00, 0x00, 0x00,
    0x00, 0x00, 0x00, 0x00, 0x00, 0x00, 0x00, 0x00, 0x00, 0x00, 0x00, 0x00,
    0x00, 0x00, 0x00, 0x00, 0x00, 0x00, 0x00, 0x00, 0x00, 0x00, 0x00, 0x00,
    0x00, 0x00, 0x00, 0x00, 0x00, 0x00, 0x00, 0x00, 0x00, 0x00, 0x00, 0x00,
    0x00, 0x00, 0x00, 0x00, 0x00, 0x00, 0x00, 0x00, 0x00, 0x00, 0x00, 0x00,
    0x00, 0x00, 0x00, 0x00, 0x00, 0x00, 0x00, 0x00, 0x00, 0x00, 0x00, 0x00,
    0x00, 0x00, 0x00, 0x00, 0x00, 0x00, 0x00, 0x00, 0x00, 0x00, 0x00, 0x00,
    0x00, 0x00, 0x00, 0x00, 0x00, 0x00, 0x00, 0x00, 0x00, 0x00, 0x00, 0x00,
    0x00, 0x00, 0x00, 0x00, 0x00, 0x00, 0x00, 0x00, 0x00, 0x00, 0x00, 0x00,
    0x00, 0x00, 0x00, 0x00, 0x00, 0x00, 0x00, 0x00, 0x00, 0x00, 0x00, 0x00,
    0x00, 0x00, 0x00, 0x00, 0x00, 0x00, 0x00, 0x00, 0x00, 0x00, 0x00, 0x00,
    0x00, 0x00, 0x00, 0x00, 0x00, 0x00, 0x00, 0x00, 0x00, 0x00, 0x00, 0x00,
    0x00, 0x00, 0x00, 0x00, 0x00, 0x00, 0x00, 0x00, 0x00, 0x00, 0x00, 0x00,
    0x00, 0x00, 0x00, 0x00, 0x00, 0x00, 0x00, 0x00, 0x00, 0x00, 0x00, 0x00,
    0x00, 0x00, 0x00, 0x00, 0x00, 0x00, 0x00, 0x00, 0x00, 0x00, 0x00, 0x00,
    0x00, 0x00, 0x00, 0x00, 0x00, 0x00, 0x00, 0x00, 0x00, 0x00, 0x00, 0x00,
    0x00, 0x00, 0x00, 0x00, 0x00, 0x00, 0x00, 0x00, 0x00, 0x00, 0x00, 0x00,
    0x00, 0x00, 0x00, 0x00, 0x00, 0x00, 0x00, 0x00, 0x00, 0x00, 0x00, 0x00,
    0x00, 0x00, 0x00, 0x00, 0x00, 0x00, 0x00, 0x00, 0x00, 0x00, 0x00, 0x00,
    0x00, 0x00, 0x00, 0x00, 0x00, 0x00, 0x00, 0x00, 0x00, 0x00, 0x00, 0x00,
    0x00, 0x00, 0x00, 0x00, 0x00, 0x00, 0x00, 0x00, 0x00, 0x00, 0x00, 0x00,
    0x00, 0x00, 0x00, 0x00, 0x00, 0x00, 0x00, 0x00, 0x00, 0x00, 0x00, 0x00,
    0x00, 0x00, 0x00, 0x00, 0x00, 0x00, 0x00, 0x00, 0x00, 0x00, 0x00, 0x00,
    0x00, 0x00, 0x00, 0x00, 0x00, 0x00, 0x00, 0x00, 0x00, 0x00, 0x00, 0x00,
    0x00, 0x00, 0x00, 0x00, 0x00, 0x00, 0x00, 0x00, 0x00, 0x00, 0x00, 0x00,
    0x00, 0x00, 0x00, 0x00, 0x00, 0x00, 0x00, 0x00, 0x00, 0x00, 0x00, 0x00,
    0x30, 0x00, 0x00, 0x00, 0xba, 0xb4, 0x2d, 0x3b, 0x83, 0xd7, 0x0c, 0x3b,
    0x9b, 0x4f, 0xfd, 0x3a, 0x41, 0xbb, 0x31, 0x3b, 0x1e, 0x77, 0x0e, 0x3b,
    0x05, 0x90, 0x11, 0x3b, 0x14, 0x77, 0x05, 0x3b, 0xca, 0x75, 0x2b, 0x3b,
    0xba, 0x97, 0x00, 0x3b, 0x54, 0x32, 0x1b, 0x3b, 0x8c, 0xaf, 0xf3, 0x3a,
    0xa8, 0x5f, 0x2c, 0x3b, 0xb6, 0x8f, 0x02, 0x3b, 0xe0, 0x89, 0x1c, 0x3b,
    0x13, 0x38, 0x11, 0x3b, 0x10, 0xa3, 0x1a, 0x3b, 0x9f, 0xa2, 0x06, 0x3b,
    0x7e, 0x66, 0x34, 0x3b, 0xdc, 0x1d, 0x57, 0x3b, 0x58, 0xa6, 0x14, 0x3b,
    0x79, 0xe8, 0x24, 0x3b, 0x01, 0x76, 0xfc, 0x3a, 0x7f, 0x3e, 0x37, 0x3b,
    0xed, 0x12, 0xf9, 0x3a, 0xcb, 0x00, 0xf7, 0x3a, 0xc2, 0xde, 0x77, 0x3b,
    0x57, 0x30, 0xea, 0x3a, 0x8d, 0x17, 0x33, 0x3b, 0xae, 0x84, 0xee, 0x3a,
    0x6a, 0xc3, 0x26, 0x3b, 0x92, 0x6b, 0x1d, 0x3b, 0x82, 0xa6, 0x2a, 0x3b,
    0xfa, 0x9f, 0x1e, 0x3b, 0xea, 0xfb, 0x1c, 0x3b, 0x3e, 0xb6, 0x4c, 0x3b,
    0x7e, 0xf9, 0x28, 0x3b, 0xd6, 0xa3, 0x10, 0x3b, 0x6d, 0xd9, 0x1c, 0x3b,
    0x0f, 0x18, 0x19, 0x3b, 0xe8, 0xa6, 0xf0, 0x3a, 0xaf, 0x50, 0x29, 0x3b,
    0xb9, 0xe6, 0x68, 0x3b, 0xa3, 0x5b, 0x3b, 0x3b, 0xfd, 0xc5, 0x24, 0x3b,
    0x60, 0xa8, 0x15, 0x3b, 0x90, 0x85, 0x28, 0x3b, 0xbb, 0xc8, 0x1c, 0x3b,
    0x3f, 0xd8, 0x2a, 0x3b, 0x12, 0x00, 0x00, 0x00, 0x74, 0x66, 0x6c, 0x2e,
    0x70, 0x73, 0x65, 0x75, 0x64, 0x6f, 0x5f, 0x71, 0x63, 0x6f, 0x6e, 0x73,
    0x74, 0x33, 0x00, 0x00, 0x02, 0x00, 0x00, 0x00, 0x30, 0x00, 0x00, 0x00,
    0x40, 0x00, 0x00, 0x00, 0x62, 0xfc, 0xff, 0xff, 0x00, 0x00, 0x00, 0x01,
    0x14, 0x00, 0x00, 0x00, 0x64, 0x02, 0x00, 0x00, 0x05, 0x00, 0x00, 0x00,
    0x00, 0x00, 0x00, 0x02, 0x70, 0x02, 0x00, 0x00, 0xdc, 0xfb, 0xff, 0xff,
    0x08, 0x00, 0x00, 0x00, 0x88, 0x01, 0x00, 0x00, 0x30, 0x00, 0x00, 0x00,
    0x00, 0x00, 0x00, 0x00, 0x00, 0x00, 0x00, 0x00, 0x00, 0x00, 0x00, 0x00,
    0x00, 0x00, 0x00, 0x00, 0x00, 0x00, 0x00, 0x00, 0x00, 0x00, 0x00, 0x00,
    0x00, 0x00, 0x00, 0x00, 0x00, 0x00, 0x00, 0x00, 0x00, 0x00, 0x00, 0x00,
    0x00, 0x00, 0x00, 0x00, 0x00, 0x00, 0x00, 0x00, 0x00, 0x00, 0x00, 0x00,
    0x00, 0x00, 0x00, 0x00, 0x00, 0x00, 0x00, 0x00, 0x00, 0x00, 0x00, 0x00,
    0x00, 0x00, 0x00, 0x00, 0x00, 0x00, 0x00, 0x00, 0x00, 0x00, 0x00, 0x00,
    0x00, 0x00, 0x00, 0x00, 0x00, 0x00, 0x00, 0x00, 0x00, 0x00, 0x00, 0x00,
    0x00, 0x00, 0x00, 0x00, 0x00, 0x00, 0x00, 0x00, 0x00, 0x00, 0x00, 0x00,
    0x00, 0x00, 0x00, 0x00, 0x00, 0x00, 0x00, 0x00, 0x00, 0x00, 0x00, 0x00,
    0x00, 0x00, 0x00, 0x00, 0x00, 0x00, 0x00, 0x00, 0x00, 0x00, 0x00, 0x00,
    0x00, 0x00, 0x00, 0x00, 0x00, 0x00, 0x00, 0x00, 0x00, 0x00, 0x00, 0x00,
    0x00, 0x00, 0x00, 0x00, 0x00, 0x00, 0x00, 0x00, 0x00, 0x00, 0x00, 0x00,
    0x00, 0x00, 0x00, 0x00, 0x00, 0x00, 0x00, 0x00, 0x00, 0x00, 0x00, 0x00,
    0x00, 0x00, 0x00, 0x00, 0x00, 0x00, 0x00, 0x00, 0x00, 0x00, 0x00, 0x00,
    0x00, 0x00, 0x00, 0x00, 0x00, 0x00, 0x00, 0x00, 0x00, 0x00, 0x00, 0x00,
    0x00, 0x00, 0x00, 0x00, 0x00, 0x00, 0x00, 0x00, 0x00, 0x00, 0x00, 0x00,
    0x00, 0x00, 0x00, 0x00, 0x00, 0x00, 0x00, 0x00, 0x00, 0x00, 0x00, 0x00,
    0x00, 0x00, 0x00, 0x00, 0x00, 0x00, 0x00, 0x00, 0x00, 0x00, 0x00, 0x00,
    0x00, 0x00, 0x00, 0x00, 0x00, 0x00, 0x00, 0x00, 0x00, 0x00, 0x00, 0x00,
    0x00, 0x00, 0x00, 0x00, 0x00, 0x00, 0x00, 0x00, 0x00, 0x00, 0x00, 0x00,
    0x00, 0x00, 0x00, 0x00, 0x00, 0x00, 0x00, 0x00, 0x00, 0x00, 0x00, 0x00,
    0x00, 0x00, 0x00, 0x00, 0x00, 0x00, 0x00, 0x00, 0x00, 0x00, 0x00, 0x00,
    0x00, 0x00, 0x00, 0x00, 0x00, 0x00, 0x00, 0x00, 0x00, 0x00, 0x00, 0x00,
    0x00, 0x00, 0x00, 0x00, 0x00, 0x00, 0x00, 0x00, 0x00, 0x00, 0x00, 0x00,
    0x00, 0x00, 0x00, 0x00, 0x00, 0x00, 0x00, 0x00, 0x00, 0x00, 0x00, 0x00,
    0x00, 0x00, 0x00, 0x00, 0x00, 0x00, 0x00, 0x00, 0x00, 0x00, 0x00, 0x00,
    0x00, 0x00, 0x00, 0x00, 0x00, 0x00, 0x00, 0x00, 0x00, 0x00, 0x00, 0x00,
    0x00, 0x00, 0x00, 0x00, 0x00, 0x00, 0x00, 0x00, 0x00, 0x00, 0x00, 0x00,
    0x00, 0x00, 0x00, 0x00, 0x00, 0x00, 0x00, 0x00, 0x00, 0x00, 0x00, 0x00,
    0x00, 0x00, 0x00, 0x00, 0x00, 0x00, 0x00, 0x00, 0x00, 0x00, 0x00, 0x00,
    0x00, 0x00, 0x00, 0x00, 0x00, 0x00, 0x00, 0x00, 0x00, 0x00, 0x00, 0x00,
    0x00, 0x00, 0x00, 0x00, 0x00, 0x00, 0x00, 0x00, 0x00, 0x00, 0x00, 0x00,
    0x30, 0x00, 0x00, 0x00, 0x34, 0x9f, 0x16, 0x38, 0x11, 0x40, 0xf4, 0x37,
    0xe5, 0xa5, 0xdb, 0x37, 0xc8, 0x1c, 0x1a, 0x38, 0xd1, 0x10, 0xf7, 0x37,
    0xe1, 0x6f, 0xfc, 0x37, 0x1d, 0x75, 0xe7, 0x37, 0xab, 0xac, 0x14, 0x38,
    0xef, 0x01, 0xdf, 0x37, 0x7f, 0x92, 0x06, 0x38, 0x4a, 0x4d, 0xd3, 0x37,
    0x75, 0x77, 0x15, 0x38, 0xf4, 0x6b, 0xe2, 0x37, 0x64, 0xbc, 0x07, 0x38,
    0x5d, 0xd7, 0xfb, 0x37, 0x45, 0x16, 0x06, 0x38, 0x96, 0x7c, 0xe9, 0x37,
    0x39, 0x6d, 0x1c, 0x38, 0x88, 0x87, 0x3a, 0x38, 0x3d, 0xe5, 0x00, 0x38,
    0x41, 0xfe, 0x0e, 0x38, 0x36, 0xe9, 0xda, 0x37, 0x7b, 0xe4, 0x1e, 0x38,
    0x5c, 0xf9, 0xd7, 0x37, 0xae, 0x2d, 0xd6, 0x37, 0x25, 0xee, 0x56, 0x38,
    0x2c, 0x11, 0xcb, 0x37, 0xcb, 0x4a, 0x1b, 0x38, 0x39, 0xd2, 0xce, 0x37,
    0x14, 0x9a, 0x10, 0x38, 0x17, 0x80, 0x08, 0x38, 0xef, 0xf8, 0x13, 0x38,
    0x83, 0x8b, 0x09, 0x38, 0x46, 0x1f, 0x08, 0x38, 0xe3, 0x81, 0x31, 0x38,
    0xee, 0x84, 0x12, 0x38, 0x49, 0xd6, 0xfa, 0x37, 0x5e, 0x01, 0x08, 0x38,
    0xc2, 0xbf, 0x04, 0x38, 0xdc, 0xab, 0xd0, 0x37, 0x89, 0xd0, 0x12, 0x38,
    0x5b, 0xf3, 0x49, 0x38, 0xab, 0x75, 0x22, 0x38, 0x5a, 0xe0, 0x0e, 0x38,
    0xfa, 0xc4, 0x01, 0x38, 0x68, 0x20, 0x12, 0x38, 0xe4, 0xf2, 0x07, 0x38,
    0x10, 0x24, 0x14, 0x38, 0x12, 0x00, 0x00, 0x00, 0x74, 0x66, 0x6c, 0x2e,
    0x70, 0x73, 0x65, 0x75, 0x64, 0x6f, 0x5f, 0x71, 0x63, 0x6f, 0x6e, 0x73,
    0x74, 0x32, 0x00, 0x00, 0x01, 0x00, 0x00, 0x00, 0x30, 0x00, 0x00, 0x00,
    0xf2, 0xfe, 0xff, 0xff, 0x00, 0x00, 0x00, 0x01, 0x14, 0x00, 0x00, 0x00,
    0x58, 0x00, 0x00, 0x00, 0x04, 0x00, 0x00, 0x00, 0x00, 0x00, 0x00, 0x09,
    0x64, 0x00, 0x00, 0x00, 0x6c, 0xfe, 0xff, 0xff, 0x08, 0x00, 0x00, 0x00,
    0x2c, 0x00, 0x00, 0x00, 0x04, 0x00, 0x00, 0x00, 0x00, 0x00, 0x00, 0x00,
    0x00, 0x00, 0x00, 0x00, 0x00, 0x00, 0x00, 0x00, 0x00, 0x00, 0x00, 0x00,
    0x00, 0x00, 0x00, 0x00, 0x00, 0x00, 0x00, 0x00, 0x00, 0x00, 0x00, 0x00,
    0x00, 0x00, 0x00, 0x00, 0x00, 0x00, 0x00, 0x00, 0x04, 0x00, 0x00, 0x00,
    0xc2, 0x4d, 0x87, 0x3b, 0xc2, 0xb8, 0x89, 0x3b, 0xe2, 0x49, 0xa4, 0x3b,
    0x18, 0x7d, 0xa4, 0x3b, 0x12, 0x00, 0x00, 0x00, 0x74, 0x66, 0x6c, 0x2e,
    0x70, 0x73, 0x65, 0x75, 0x64, 0x6f, 0x5f, 0x71, 0x63, 0x6f, 0x6e, 0x73,
    0x74, 0x31, 0x00, 0x00, 0x02, 0x00, 0x00, 0x00, 0x04, 0x00, 0x00, 0x00,
    0x30, 0x00, 0x00, 0x00, 0x7a, 0xff, 0xff, 0xff, 0x00, 0x00, 0x00, 0x01,
    0x14, 0x00, 0x00, 0x00, 0x58, 0x00, 0x00, 0x00, 0x03, 0x00, 0x00, 0x00,
    0x00, 0x00, 0x00, 0x02, 0x64, 0x00, 0x00, 0x00, 0xf4, 0xfe, 0xff, 0xff,
    0x08, 0x00, 0x00, 0x00, 0x2c, 0x00, 0x00, 0x00, 0x04, 0x00, 0x00, 0x00,
    0x00, 0x00, 0x00, 0x00, 0x00, 0x00, 0x00, 0x00, 0x00, 0x00, 0x00, 0x00,
    0x00, 0x00, 0x00, 0x00, 0x00, 0x00, 0x00, 0x00, 0x00, 0x00, 0x00, 0x00,
    0x00, 0x00, 0x00, 0x00, 0x00, 0x00, 0x00, 0x00, 0x00, 0x00, 0x00, 0x00,
    0x04, 0x00, 0x00, 0x00, 0x66, 0x01, 0x12, 0x39, 0x5c, 0x9d, 0x14, 0x39,
    0x69, 0x48, 0x31, 0x39, 0xac, 0x7f, 0x31, 0x39, 0x11, 0x00, 0x00, 0x00,
    0x74, 0x66, 0x6c, 0x2e, 0x70, 0x73, 0x65, 0x75, 0x64, 0x6f, 0x5f, 0x71,
    0x63, 0x6f, 0x6e, 0x73, 0x74, 0x00, 0x00, 0x00, 0x01, 0x00, 0x00, 0x00,
    0x04, 0x00, 0x00, 0x00, 0x00, 0x00, 0x16, 0x00, 0x1c, 0x00, 0x18, 0x00,
    0x17, 0x00, 0x10, 0x00, 0x0c, 0x00, 0x08, 0x00, 0x00, 0x00, 0x00, 0x00,
    0x00, 0x00, 0x07, 0x00, 0x16, 0x00, 0x00, 0x00, 0x00, 0x00, 0x00, 0x01,
    0x18, 0x00, 0x00, 0x00, 0x18, 0x00, 0x00, 0x00, 0x02, 0x00, 0x00, 0x00,
    0x00, 0x00, 0x00, 0x02, 0x20, 0x00, 0x00, 0x00, 0x04, 0x00, 0x04, 0x00,
    0x04, 0x00, 0x00, 0x00, 0x0e, 0x00, 0x00, 0x00, 0x61, 0x72, 0x69, 0x74,
    0x68, 0x2e, 0x63, 0x6f, 0x6e, 0x73, 0x74, 0x61, 0x6e, 0x74, 0x00, 0x00,
    0x01, 0x00, 0x00, 0x00, 0x02, 0x00, 0x00, 0x00, 0x00, 0x00, 0x16, 0x00,
    0x20, 0x00, 0x1c, 0x00, 0x1b, 0x00, 0x14, 0x00, 0x10, 0x00, 0x0c, 0x00,
    0x00, 0x00, 0x00, 0x00, 0x08, 0x00, 0x07, 0x00, 0x16, 0x00, 0x00, 0x00,
    0x00, 0x00, 0x00, 0x01, 0x18, 0x00, 0x00, 0x00, 0x34, 0x00, 0x00, 0x00,
    0x50, 0x00, 0x00, 0x00, 0x01, 0x00, 0x00, 0x00, 0x00, 0x00, 0x00, 0x09,
    0x68, 0x00, 0x00, 0x00, 0x04, 0x00, 0x00, 0x00, 0xff, 0xff, 0xff, 0xff,
    0x28, 0x00, 0x00, 0x00, 0xbd, 0x02, 0x00, 0x00, 0x01, 0x00, 0x00, 0x00,
    0x0c, 0x00, 0x0c, 0x00, 0x00, 0x00, 0x00, 0x00, 0x08, 0x00, 0x04, 0x00,
    0x0c, 0x00, 0x00, 0x00, 0x08, 0x00, 0x00, 0x00, 0x10, 0x00, 0x00, 0x00,
    0x01, 0x00, 0x00, 0x00, 0x80, 0xff, 0xff, 0xff, 0xff, 0xff, 0xff, 0xff,
    0x01, 0x00, 0x00, 0x00, 0x81, 0x80, 0x80, 0x3b, 0x1f, 0x00, 0x00, 0x00,
    0x73, 0x65, 0x72, 0x76, 0x69, 0x6e, 0x67, 0x5f, 0x64, 0x65, 0x66, 0x61,
    0x75, 0x6c, 0x74, 0x5f, 0x6c, 0x6f, 0x67, 0x5f, 0x6d, 0x65, 0x6c, 0x5f,
    0x69, 0x6e, 0x70, 0x75, 0x74, 0x3a, 0x30, 0x00, 0x04, 0x00, 0x00, 0x00,
    0x01, 0x00, 0x00, 0x00, 0x28, 0x00, 0x00, 0x00, 0xbd, 0x02, 0x00, 0x00,
    0x01, 0x00, 0x00, 0x00, 0x06, 0x00, 0x00, 0x00, 0x74, 0x00, 0x00, 0x00,
    0x54, 0x00, 0x00, 0x00, 0x40, 0x00, 0x00, 0x00, 0x2c, 0x00, 0x00, 0x00,
    0x18, 0x00, 0x00, 0x00, 0x04, 0x00, 0x00, 0x00, 0xb0, 0xff, 0xff, 0xff,
    0x19, 0x00, 0x00, 0x00, 0x02, 0x00, 0x00, 0x00, 0x00, 0x00, 0x00, 0x19,
    0xc0, 0xff, 0xff, 0xff, 0x09, 0x00, 0x00, 0x00, 0x04, 0x00, 0x00, 0x00,
    0x00, 0x00, 0x00, 0x09, 0xd0, 0xff, 0xff, 0xff, 0x28, 0x00, 0x00, 0x00,
    0x02, 0x00, 0x00, 0x00, 0x00, 0x00, 0x00, 0x28, 0xe0, 0xff, 0xff, 0xff,
    0x04, 0x00, 0x00, 0x00, 0x03, 0x00, 0x00, 0x00, 0x00, 0x00, 0x00, 0x04,
    0xf0, 0xff, 0xff, 0xff, 0x11, 0x00, 0x00, 0x00, 0x02, 0x00, 0x00, 0x00,
    0x00, 0x00, 0x00, 0x11, 0x0c, 0x00, 0x10, 0x00, 0x0f, 0x00, 0x00, 0x00,
    0x08, 0x00, 0x04, 0x00, 0x0c, 0x00, 0x00, 0x00, 0x03, 0x00, 0x00, 0x00,
    0x03, 0x00, 0x00, 0x00, 0x00, 0x00, 0x00, 0x03,
};

const unsigned int g_audio_model_data_7s_len = 23192;